name,slug,voivodeship,teryt,kind
Aleksandrów Kujawski (1),aleksandrow-kujawski-1,kujawsko-pomorskie,0401011,gmina miejska
Aleksandrów Łódzki - miasto (4),aleksandrow-lodzki-miasto-4,łódzkie,1020044,miasto w gminie miejsko-wiejskiej
Alwernia - miasto (4),alwernia-miasto-4,małopolskie,1203014,miasto w gminie miejsko-wiejskiej
Andrychów - miasto (4),andrychow-miasto-4,małopolskie,1218014,miasto w gminie miejsko-wiejskiej
Annopol - miasto (4),annopol-miasto-4,lubelskie,0607024,miasto w gminie miejsko-wiejskiej
Augustów (1),augustow-1,podlaskie,2001011,gmina miejska
Babimost - miasto (4),babimost-miasto-4,lubuskie,0809014,miasto w gminie miejsko-wiejskiej
Baborów - miasto (4),baborow-miasto-4,opolskie,1602014,miasto w gminie miejsko-wiejskiej
Baranów Sandomierski - miasto (4),baranow-sandomierski-miasto-4,podkarpackie,1820014,miasto w gminie miejsko-wiejskiej
Barcin - miasto (4),barcin-miasto-4,kujawsko-pomorskie,0419014,miasto w gminie miejsko-wiejskiej
Barczewo - miasto (4),barczewo-miasto-4,warmińsko-mazurskie,2814014,miasto w gminie miejsko-wiejskiej
Bardo - miasto (4),bardo-miasto-4,dolnośląskie,0224014,miasto w gminie miejsko-wiejskiej
Barlinek - miasto (4),barlinek-miasto-4,zachodniopomorskie,3210014,miasto w gminie miejsko-wiejskiej
Bartoszyce (1),bartoszyce-1,warmińsko-mazurskie,2801011,gmina miejska
Barwice - miasto (4),barwice-miasto-4,zachodniopomorskie,3215024,miasto w gminie miejsko-wiejskiej
Bełchatów (1),belchatow-1,łódzkie,1001011,gmina miejska
Bełżyce - miasto (4),belzyce-miasto-4,lubelskie,0609014,miasto w gminie miejsko-wiejskiej
Biała - miasto (4),biala-miasto-4,opolskie,1610014,miasto w gminie miejsko-wiejskiej
Biała Piska - miasto (4),biala-piska-miasto-4,warmińsko-mazurskie,2816014,miasto w gminie miejsko-wiejskiej
Biała Podlaska (1),biala-podlaska-1,lubelskie,0661011,gmina miejska
Biała Rawska - miasto (4),biala-rawska-miasto-4,łódzkie,1013024,miasto w gminie miejsko-wiejskiej
Białaczów - miasto (4),bialaczow-miasto-4,łódzkie,1007014,miasto w gminie miejsko-wiejskiej
Białobrzegi - miasto (4),bialobrzegi-miasto-4,mazowieckie,1401014,miasto w gminie miejsko-wiejskiej
Białogard (1),bialogard-1,zachodniopomorskie,3201011,gmina miejska
Biały Bór - miasto (4),bialy-bor-miasto-4,zachodniopomorskie,3215034,miasto w gminie miejsko-wiejskiej
Białystok (1),bialystok-1,podlaskie,2061011,gmina miejska
Biecz - miasto (4),biecz-miasto-4,małopolskie,1205024,miasto w gminie miejsko-wiejskiej
Bielawa (1),bielawa-1,dolnośląskie,0202011,gmina miejska
Bielsk Podlaski (1),bielsk-podlaski-1,podlaskie,2003011,gmina miejska
Bielsko-Biała (1),bielsko-biala-1,śląskie,2461011,gmina miejska
Bierutów - miasto (4),bierutow-miasto-4,dolnośląskie,0214024,miasto w gminie miejsko-wiejskiej
Bieruń (1),bierun-1,śląskie,2414011,gmina miejska
Bieżuń - miasto (4),biezun-miasto-4,mazowieckie,1437014,miasto w gminie miejsko-wiejskiej
Bircza - miasto (4),bircza-miasto-4,podkarpackie,1813014,miasto w gminie miejsko-wiejskiej
Biskupiec - miasto (4),biskupiec-miasto-4,warmińsko-mazurskie,2814024,miasto w gminie miejsko-wiejskiej
Bisztynek - miasto (4),bisztynek-miasto-4,warmińsko-mazurskie,2801044,miasto w gminie miejsko-wiejskiej
Biłgoraj (1),bilgoraj-1,lubelskie,0602011,gmina miejska
Blachownia - miasto (4),blachownia-miasto-4,śląskie,2404014,miasto w gminie miejsko-wiejskiej
Bobolice - miasto (4),bobolice-miasto-4,zachodniopomorskie,3209034,miasto w gminie miejsko-wiejskiej
Bobowa - miasto (4),bobowa-miasto-4,małopolskie,1205034,miasto w gminie miejsko-wiejskiej
Bobrowniki - miasto (4),bobrowniki-miasto-4,kujawsko-pomorskie,0408024,miasto w gminie miejsko-wiejskiej
Bochnia (1),bochnia-1,małopolskie,1201011,gmina miejska
Bodzanów - miasto (4),bodzanow-miasto-4,mazowieckie,1419024,miasto w gminie miejsko-wiejskiej
Bodzentyn - miasto (4),bodzentyn-miasto-4,świętokrzyskie,2604024,miasto w gminie miejsko-wiejskiej
Bogatynia - miasto (4),bogatynia-miasto-4,dolnośląskie,0225034,miasto w gminie miejsko-wiejskiej
Bogoria - miasto (4),bogoria-miasto-4,świętokrzyskie,2612014,miasto w gminie miejsko-wiejskiej
Boguchwała - miasto (4),boguchwala-miasto-4,podkarpackie,1816034,miasto w gminie miejsko-wiejskiej
Boguszów-Gorce (1),boguszow-gorce-1,dolnośląskie,0221011,gmina miejska
Bojanowo - miasto (4),bojanowo-miasto-4,wielkopolskie,3022014,miasto w gminie miejsko-wiejskiej
Bolesławiec (1),boleslawiec-1,dolnośląskie,0201011,gmina miejska
Bolesławiec - miasto (4),boleslawiec-miasto-4,łódzkie,1018014,miasto w gminie miejsko-wiejskiej
Bolimów - miasto (4),bolimow-miasto-4,łódzkie,1015014,miasto w gminie miejsko-wiejskiej
Bolków - miasto (4),bolkow-miasto-4,dolnośląskie,0205024,miasto w gminie miejsko-wiejskiej
Borek Wielkopolski - miasto (4),borek-wielkopolski-miasto-4,wielkopolskie,3004014,miasto w gminie miejsko-wiejskiej
Borne Sulinowo - miasto (4),borne-sulinowo-miasto-4,zachodniopomorskie,3215044,miasto w gminie miejsko-wiejskiej
Branice - miasto (4),branice-miasto-4,opolskie,1602024,miasto w gminie miejsko-wiejskiej
Braniewo (1),braniewo-1,warmińsko-mazurskie,2802011,gmina miejska
Brańsk (1),bransk-1,podlaskie,2003021,gmina miejska
Brodnica (1),brodnica-1,kujawsko-pomorskie,0402011,gmina miejska
Brody - miasto (4),brody-miasto-4,lubuskie,0811034,miasto w gminie miejsko-wiejskiej
Brok - miasto (4),brok-miasto-4,mazowieckie,1416044,miasto w gminie miejsko-wiejskiej
Brusy - miasto (4),brusy-miasto-4,pomorskie,2202024,miasto w gminie miejsko-wiejskiej
Brwinów - miasto (4),brwinow-miasto-4,mazowieckie,1421034,miasto w gminie miejsko-wiejskiej
Brzeg (1),brzeg-1,opolskie,1601011,gmina miejska
Brzeg Dolny - miasto (4),brzeg-dolny-miasto-4,dolnośląskie,0222014,miasto w gminie miejsko-wiejskiej
Brzesko - miasto (4),brzesko-miasto-4,małopolskie,1202024,miasto w gminie miejsko-wiejskiej
Brzeszcze - miasto (4),brzeszcze-miasto-4,małopolskie,1213024,miasto w gminie miejsko-wiejskiej
Brzeziny (1),brzeziny-1,łódzkie,1021011,gmina miejska
Brześć Kujawski - miasto (4),brzesc-kujawski-miasto-4,kujawsko-pomorskie,0418044,miasto w gminie miejsko-wiejskiej
Brzostek - miasto (4),brzostek-miasto-4,podkarpackie,1803024,miasto w gminie miejsko-wiejskiej
Brzozów - miasto (4),brzozow-miasto-4,podkarpackie,1802014,miasto w gminie miejsko-wiejskiej
Budzyń - miasto (4),budzyn-miasto-4,wielkopolskie,3001024,miasto w gminie miejsko-wiejskiej
Buk - miasto (4),buk-miasto-4,wielkopolskie,3021034,miasto w gminie miejsko-wiejskiej
Bukowno (1),bukowno-1,małopolskie,1212011,gmina miejska
Busko-Zdrój - miasto (4),busko-zdroj-miasto-4,świętokrzyskie,2601014,miasto w gminie miejsko-wiejskiej
Bychawa - miasto (4),bychawa-miasto-4,lubelskie,0609034,miasto w gminie miejsko-wiejskiej
Byczyna - miasto (4),byczyna-miasto-4,opolskie,1604014,miasto w gminie miejsko-wiejskiej
Bydgoszcz (1),bydgoszcz-1,kujawsko-pomorskie,0461011,gmina miejska
Bystrzyca Kłodzka - miasto (4),bystrzyca-klodzka-miasto-4,dolnośląskie,0208064,miasto w gminie miejsko-wiejskiej
Bytom (1),bytom-1,śląskie,2462011,gmina miejska
Bytom Odrzański - miasto (4),bytom-odrzanski-miasto-4,lubuskie,0804024,miasto w gminie miejsko-wiejskiej
Bytów - miasto (4),bytow-miasto-4,pomorskie,2201024,miasto w gminie miejsko-wiejskiej
Będzin (1),bedzin-1,śląskie,2401011,gmina miejska
Błaszki - miasto (4),blaszki-miasto-4,łódzkie,1014024,miasto w gminie miejsko-wiejskiej
Błażowa - miasto (4),blazowa-miasto-4,podkarpackie,1816024,miasto w gminie miejsko-wiejskiej
Błonie - miasto (4),blonie-miasto-4,mazowieckie,1432014,miasto w gminie miejsko-wiejskiej
Cedynia - miasto (4),cedynia-miasto-4,zachodniopomorskie,3206024,miasto w gminie miejsko-wiejskiej
Cegłów - miasto (4),ceglow-miasto-4,mazowieckie,1412044,miasto w gminie miejsko-wiejskiej
Chełm (1),chelm-1,lubelskie,0662011,gmina miejska
Chełmek - miasto (4),chelmek-miasto-4,małopolskie,1213034,miasto w gminie miejsko-wiejskiej
Chełmno (1),chelmno-1,kujawsko-pomorskie,0404011,gmina miejska
Chełmża (1),chelmza-1,kujawsko-pomorskie,0415011,gmina miejska
Chmielnik - miasto (4),chmielnik-miasto-4,świętokrzyskie,2604044,miasto w gminie miejsko-wiejskiej
Chocianów - miasto (4),chocianow-miasto-4,dolnośląskie,0216014,miasto w gminie miejsko-wiejskiej
Chociwel - miasto (4),chociwel-miasto-4,zachodniopomorskie,3214024,miasto w gminie miejsko-wiejskiej
Chocz - miasto (4),chocz-miasto-4,wielkopolskie,3020014,miasto w gminie miejsko-wiejskiej
Chodecz - miasto (4),chodecz-miasto-4,kujawsko-pomorskie,0418064,miasto w gminie miejsko-wiejskiej
Chodzież (1),chodziez-1,wielkopolskie,3001011,gmina miejska
Chojna - miasto (4),chojna-miasto-4,zachodniopomorskie,3206034,miasto w gminie miejsko-wiejskiej
Chojnice (1),chojnice-1,pomorskie,2202011,gmina miejska
Chojnów (1),chojnow-1,dolnośląskie,0209011,gmina miejska
Choroszcz - miasto (4),choroszcz-miasto-4,podlaskie,2002014,miasto w gminie miejsko-wiejskiej
Chorzele - miasto (4),chorzele-miasto-4,mazowieckie,1422024,miasto w gminie miejsko-wiejskiej
Chorzów (1),chorzow-1,śląskie,2463011,gmina miejska
Choszczno - miasto (4),choszczno-miasto-4,zachodniopomorskie,3202024,miasto w gminie miejsko-wiejskiej
Chrzanów - miasto (4),chrzanow-miasto-4,małopolskie,1203034,miasto w gminie miejsko-wiejskiej
Chęciny - miasto (4),checiny-miasto-4,świętokrzyskie,2604034,miasto w gminie miejsko-wiejskiej
Ciechanowiec - miasto (4),ciechanowiec-miasto-4,podlaskie,2013024,miasto w gminie miejsko-wiejskiej
Ciechanów (1),ciechanow-1,mazowieckie,1402011,gmina miejska
Ciechocinek (1),ciechocinek-1,kujawsko-pomorskie,0401021,gmina miejska
Ciepielów - miasto (4),ciepielow-miasto-4,mazowieckie,1409024,miasto w gminie miejsko-wiejskiej
Cieszanów - miasto (4),cieszanow-miasto-4,podkarpackie,1809024,miasto w gminie miejsko-wiejskiej
Cieszyn (1),cieszyn-1,śląskie,2403011,gmina miejska
Ciężkowice - miasto (4),ciezkowice-miasto-4,małopolskie,1216014,miasto w gminie miejsko-wiejskiej
Cybinka - miasto (4),cybinka-miasto-4,lubuskie,0805014,miasto w gminie miejsko-wiejskiej
Czaplinek - miasto (4),czaplinek-miasto-4,zachodniopomorskie,3203014,miasto w gminie miejsko-wiejskiej
Czarna Białostocka - miasto (4),czarna-bialostocka-miasto-4,podlaskie,2002024,miasto w gminie miejsko-wiejskiej
Czarna Woda - miasto (4),czarna-woda-miasto-4,pomorskie,2213014,miasto w gminie miejsko-wiejskiej
Czarne - miasto (4),czarne-miasto-4,pomorskie,2203024,miasto w gminie miejsko-wiejskiej
Czarnków (1),czarnkow-1,wielkopolskie,3002011,gmina miejska
Czarny Dunajec - miasto (4),czarny-dunajec-miasto-4,małopolskie,1211034,miasto w gminie miejsko-wiejskiej
Czchów - miasto (4),czchow-miasto-4,małopolskie,1202034,miasto w gminie miejsko-wiejskiej
Czechowice-Dziedzice - miasto (4),czechowice-dziedzice-miasto-4,śląskie,2402044,miasto w gminie miejsko-wiejskiej
Czeladź (1),czeladz-1,śląskie,2401021,gmina miejska
Czemierniki - miasto (4),czemierniki-miasto-4,lubelskie,0615034,miasto w gminie miejsko-wiejskiej
Czempiń - miasto (4),czempin-miasto-4,wielkopolskie,3011024,miasto w gminie miejsko-wiejskiej
Czerniejewo - miasto (4),czerniejewo-miasto-4,wielkopolskie,3003024,miasto w gminie miejsko-wiejskiej
Czersk - miasto (4),czersk-miasto-4,pomorskie,2202044,miasto w gminie miejsko-wiejskiej
Czerwieńsk - miasto (4),czerwiensk-miasto-4,lubuskie,0809034,miasto w gminie miejsko-wiejskiej
Czerwionka-Leszczyny - miasto (4),czerwionka-leszczyny-miasto-4,śląskie,2412014,miasto w gminie miejsko-wiejskiej
Czerwińsk nad Wisłą - miasto (4),czerwinsk-nad-wisla-miasto-4,mazowieckie,1420044,miasto w gminie miejsko-wiejskiej
Czyżew - miasto (4),czyzew-miasto-4,podlaskie,2013034,miasto w gminie miejsko-wiejskiej
Częstochowa (1),czestochowa-1,śląskie,2464011,gmina miejska
Człopa - miasto (4),czlopa-miasto-4,zachodniopomorskie,3217024,miasto w gminie miejsko-wiejskiej
Człuchów (1),czluchow-1,pomorskie,2203011,gmina miejska
Daleszyce - miasto (4),daleszyce-miasto-4,świętokrzyskie,2604054,miasto w gminie miejsko-wiejskiej
Darłowo (1),darlowo-1,zachodniopomorskie,3213011,gmina miejska
Debrzno - miasto (4),debrzno-miasto-4,pomorskie,2203044,miasto w gminie miejsko-wiejskiej
Dobczyce - miasto (4),dobczyce-miasto-4,małopolskie,1209014,miasto w gminie miejsko-wiejskiej
Dobiegniew - miasto (4),dobiegniew-miasto-4,lubuskie,0806014,miasto w gminie miejsko-wiejskiej
Dobra - miasto (4),dobra-miasto-4,wielkopolskie,3027034,miasto w gminie miejsko-wiejskiej
Dobra - miasto (4),dobra-miasto-4-zachodniopomorskie,zachodniopomorskie,3218014,miasto w gminie miejsko-wiejskiej
Dobre - miasto (4),dobre-miasto-4,mazowieckie,1412064,miasto w gminie miejsko-wiejskiej
Dobre Miasto - miasto (4),dobre-miasto-miasto-4,warmińsko-mazurskie,2814034,miasto w gminie miejsko-wiejskiej
Dobrodzień - miasto (4),dobrodzien-miasto-4,opolskie,1608014,miasto w gminie miejsko-wiejskiej
Dobrzany - miasto (4),dobrzany-miasto-4,zachodniopomorskie,3214034,miasto w gminie miejsko-wiejskiej
Dobrzyca - miasto (4),dobrzyca-miasto-4,wielkopolskie,3020034,miasto w gminie miejsko-wiejskiej
Dobrzyń nad Wisłą - miasto (4),dobrzyn-nad-wisla-miasto-4,kujawsko-pomorskie,0408044,miasto w gminie miejsko-wiejskiej
Dolsk - miasto (4),dolsk-miasto-4,wielkopolskie,3026024,miasto w gminie miejsko-wiejskiej
Drawno - miasto (4),drawno-miasto-4,zachodniopomorskie,3202034,miasto w gminie miejsko-wiejskiej
Drawsko Pomorskie - miasto (4),drawsko-pomorskie-miasto-4,zachodniopomorskie,3203024,miasto w gminie miejsko-wiejskiej
Drezdenko - miasto (4),drezdenko-miasto-4,lubuskie,0806024,miasto w gminie miejsko-wiejskiej
Drobin - miasto (4),drobin-miasto-4,mazowieckie,1419054,miasto w gminie miejsko-wiejskiej
Drohiczyn - miasto (4),drohiczyn-miasto-4,podlaskie,2010024,miasto w gminie miejsko-wiejskiej
Drzewica - miasto (4),drzewica-miasto-4,łódzkie,1007024,miasto w gminie miejsko-wiejskiej
Dubiecko - miasto (4),dubiecko-miasto-4,podkarpackie,1813024,miasto w gminie miejsko-wiejskiej
Dukla - miasto (4),dukla-miasto-4,podkarpackie,1807024,miasto w gminie miejsko-wiejskiej
Duszniki-Zdrój (1),duszniki-zdroj-1,dolnośląskie,0208011,gmina miejska
Dynów (1),dynow-1,podkarpackie,1816011,gmina miejska
Działdowo (1),dzialdowo-1,warmińsko-mazurskie,2803011,gmina miejska
Działoszyce - miasto (4),dzialoszyce-miasto-4,świętokrzyskie,2608014,miasto w gminie miejsko-wiejskiej
Działoszyn - miasto (4),dzialoszyn-miasto-4,łódzkie,1009014,miasto w gminie miejsko-wiejskiej
Dzierzgoń - miasto (4),dzierzgon-miasto-4,pomorskie,2216014,miasto w gminie miejsko-wiejskiej
Dzierżoniów (1),dzierzoniow-1,dolnośląskie,0202021,gmina miejska
Dziwnów - miasto (4),dziwnow-miasto-4,zachodniopomorskie,3207014,miasto w gminie miejsko-wiejskiej
Dąbie - miasto (4),dabie-miasto-4,wielkopolskie,3009044,miasto w gminie miejsko-wiejskiej
Dąbrowa Białostocka - miasto (4),dabrowa-bialostocka-miasto-4,podlaskie,2011014,miasto w gminie miejsko-wiejskiej
Dąbrowa Górnicza (1),dabrowa-gornicza-1,śląskie,2465011,gmina miejska
Dąbrowa Tarnowska - miasto (4),dabrowa-tarnowska-miasto-4,małopolskie,1204024,miasto w gminie miejsko-wiejskiej
Dąbrowice - miasto (4),dabrowice-miasto-4,łódzkie,1002034,miasto w gminie miejsko-wiejskiej
Dębica (1),debica-1,podkarpackie,1803011,gmina miejska
Dęblin (1),deblin-1,lubelskie,0616011,gmina miejska
Dębno - miasto (4),debno-miasto-4,zachodniopomorskie,3210034,miasto w gminie miejsko-wiejskiej
Elbląg (1),elblag-1,warmińsko-mazurskie,2861011,gmina miejska
Ełk (1),elk-1,warmińsko-mazurskie,2805011,gmina miejska
Frampol - miasto (4),frampol-miasto-4,lubelskie,0602054,miasto w gminie miejsko-wiejskiej
Frombork - miasto (4),frombork-miasto-4,warmińsko-mazurskie,2802034,miasto w gminie miejsko-wiejskiej
Garwolin (1),garwolin-1,mazowieckie,1403011,gmina miejska
Gdańsk (1),gdansk-1,pomorskie,2261011,gmina miejska
Gdynia (1),gdynia-1,pomorskie,2262011,gmina miejska
Gielniów - miasto (4),gielniow-miasto-4,mazowieckie,1423024,miasto w gminie miejsko-wiejskiej
Giżycko (1),gizycko-1,warmińsko-mazurskie,2806011,gmina miejska
Glinojeck - miasto (4),glinojeck-miasto-4,mazowieckie,1402034,miasto w gminie miejsko-wiejskiej
Gliwice (1),gliwice-1,śląskie,2466011,gmina miejska
Gniew - miasto (4),gniew-miasto-4,pomorskie,2214024,miasto w gminie miejsko-wiejskiej
Gniewkowo - miasto (4),gniewkowo-miasto-4,kujawsko-pomorskie,0407034,miasto w gminie miejsko-wiejskiej
Gniezno (1),gniezno-1,wielkopolskie,3003011,gmina miejska
Gogolin - miasto (4),gogolin-miasto-4,opolskie,1605014,miasto w gminie miejsko-wiejskiej
Golczewo - miasto (4),golczewo-miasto-4,zachodniopomorskie,3207024,miasto w gminie miejsko-wiejskiej
Goleniów - miasto (4),goleniow-miasto-4,zachodniopomorskie,3204024,miasto w gminie miejsko-wiejskiej
Golina - miasto (4),golina-miasto-4,wielkopolskie,3010014,miasto w gminie miejsko-wiejskiej
Golub-Dobrzyń (1),golub-dobrzyn-1,kujawsko-pomorskie,0405011,gmina miejska
Goniądz - miasto (4),goniadz-miasto-4,podlaskie,2008014,miasto w gminie miejsko-wiejskiej
Goraj - miasto (4),goraj-miasto-4,lubelskie,0602064,miasto w gminie miejsko-wiejskiej
Gorlice (1),gorlice-1,małopolskie,1205011,gmina miejska
Gorzów Wielkopolski (1),gorzow-wielkopolski-1,lubuskie,0861011,gmina miejska
Gorzów Śląski - miasto (4),gorzow-slaski-miasto-4,opolskie,1608024,miasto w gminie miejsko-wiejskiej
Gostynin (1),gostynin-1,mazowieckie,1404011,gmina miejska
Gostyń - miasto (4),gostyn-miasto-4,wielkopolskie,3004024,miasto w gminie miejsko-wiejskiej
Gowarczów - miasto (4),gowarczow-miasto-4,świętokrzyskie,2605024,miasto w gminie miejsko-wiejskiej
Gozdnica (1),gozdnica-1,lubuskie,0810011,gmina miejska
Gołańcz - miasto (4),golancz-miasto-4,wielkopolskie,3028034,miasto w gminie miejsko-wiejskiej
Gołdap - miasto (4),goldap-miasto-4,warmińsko-mazurskie,2818034,miasto w gminie miejsko-wiejskiej
Gościno - miasto (4),goscino-miasto-4,zachodniopomorskie,3208034,miasto w gminie miejsko-wiejskiej
Grabów - miasto (4),grabow-miasto-4,łódzkie,1004044,miasto w gminie miejsko-wiejskiej
Grabów nad Prosną - miasto (4),grabow-nad-prosna-miasto-4,wielkopolskie,3018034,miasto w gminie miejsko-wiejskiej
Grajewo (1),grajewo-1,podlaskie,2004011,gmina miejska
Grodków - miasto (4),grodkow-miasto-4,opolskie,1601034,miasto w gminie miejsko-wiejskiej
Grodzisk Mazowiecki - miasto (4),grodzisk-mazowiecki-miasto-4,mazowieckie,1405044,miasto w gminie miejsko-wiejskiej
Grodzisk Wielkopolski - miasto (4),grodzisk-wielkopolski-miasto-4,wielkopolskie,3005024,miasto w gminie miejsko-wiejskiej
Grudziądz (1),grudziadz-1,kujawsko-pomorskie,0462011,gmina miejska
Grybów (1),grybow-1,małopolskie,1210011,gmina miejska
Gryfice - miasto (4),gryfice-miasto-4,zachodniopomorskie,3205024,miasto w gminie miejsko-wiejskiej
Gryfino - miasto (4),gryfino-miasto-4,zachodniopomorskie,3206044,miasto w gminie miejsko-wiejskiej
Gryfów Śląski - miasto (4),gryfow-slaski-miasto-4,dolnośląskie,0212014,miasto w gminie miejsko-wiejskiej
Grójec - miasto (4),grojec-miasto-4,mazowieckie,1406054,miasto w gminie miejsko-wiejskiej
Gubin (1),gubin-1,lubuskie,0802011,gmina miejska
Góra - miasto (4),gora-miasto-4,dolnośląskie,0204014,miasto w gminie miejsko-wiejskiej
Góra Kalwaria - miasto (4),gora-kalwaria-miasto-4,mazowieckie,1418014,miasto w gminie miejsko-wiejskiej
Górowo Iławeckie (1),gorowo-ilaweckie-1,warmińsko-mazurskie,2801021,gmina miejska
Górzno - miasto (4),gorzno-miasto-4,kujawsko-pomorskie,0402054,miasto w gminie miejsko-wiejskiej
Gąbin - miasto (4),gabin-miasto-4,mazowieckie,1419064,miasto w gminie miejsko-wiejskiej
Gąsawa - miasto (4),gasawa-miasto-4,kujawsko-pomorskie,0419024,miasto w gminie miejsko-wiejskiej
Głogów (1),glogow-1,dolnośląskie,0203011,gmina miejska
Głogów Małopolski - miasto (4),glogow-malopolski-miasto-4,podkarpackie,1816064,miasto w gminie miejsko-wiejskiej
Głogówek - miasto (4),glogowek-miasto-4,opolskie,1610024,miasto w gminie miejsko-wiejskiej
Głowaczów - miasto (4),glowaczow-miasto-4,mazowieckie,1407024,miasto w gminie miejsko-wiejskiej
Głowno (1),glowno-1,łódzkie,1020011,gmina miejska
Głubczyce - miasto (4),glubczyce-miasto-4,opolskie,1602034,miasto w gminie miejsko-wiejskiej
Głuchołazy - miasto (4),glucholazy-miasto-4,opolskie,1607014,miasto w gminie miejsko-wiejskiej
Głuszyca - miasto (4),gluszyca-miasto-4,dolnośląskie,0221054,miasto w gminie miejsko-wiejskiej
Hajnówka (1),hajnowka-1,podlaskie,2005011,gmina miejska
Halinów - miasto (4),halinow-miasto-4,mazowieckie,1412074,miasto w gminie miejsko-wiejskiej
Hel (1),hel-1,pomorskie,2211011,gmina miejska
Hrubieszów (1),hrubieszow-1,lubelskie,0604011,gmina miejska
Imielin (1),imielin-1,śląskie,2414021,gmina miejska
Inowrocław (1),inowroclaw-1,kujawsko-pomorskie,0407011,gmina miejska
Inowłódz - miasto (4),inowlodz-miasto-4,łódzkie,1016054,miasto w gminie miejsko-wiejskiej
Iwaniska - miasto (4),iwaniska-miasto-4,świętokrzyskie,2606024,miasto w gminie miejsko-wiejskiej
Iwonicz-Zdrój - miasto (4),iwonicz-zdroj-miasto-4,podkarpackie,1807034,miasto w gminie miejsko-wiejskiej
Izbica - miasto (4),izbica-miasto-4,lubelskie,0606044,miasto w gminie miejsko-wiejskiej
Izbica Kujawska - miasto (4),izbica-kujawska-miasto-4,kujawsko-pomorskie,0418084,miasto w gminie miejsko-wiejskiej
Iława (1),ilawa-1,warmińsko-mazurskie,2807011,gmina miejska
Iłowa - miasto (4),ilowa-miasto-4,lubuskie,0810044,miasto w gminie miejsko-wiejskiej
Iłża - miasto (4),ilza-miasto-4,mazowieckie,1425034,miasto w gminie miejsko-wiejskiej
Ińsko - miasto (4),insko-miasto-4,zachodniopomorskie,3214054,miasto w gminie miejsko-wiejskiej
Jabłonowo Pomorskie - miasto (4),jablonowo-pomorskie-miasto-4,kujawsko-pomorskie,0402074,miasto w gminie miejsko-wiejskiej
Jadów - miasto (4),jadow-miasto-4,mazowieckie,1434064,miasto w gminie miejsko-wiejskiej
Janikowo - miasto (4),janikowo-miasto-4,kujawsko-pomorskie,0407054,miasto w gminie miejsko-wiejskiej
Janowiec Wielkopolski - miasto (4),janowiec-wielkopolski-miasto-4,kujawsko-pomorskie,0419034,miasto w gminie miejsko-wiejskiej
Janów - miasto (4),janow-miasto-4,śląskie,2404034,miasto w gminie miejsko-wiejskiej
Janów Lubelski - miasto (4),janow-lubelski-miasto-4,lubelskie,0605054,miasto w gminie miejsko-wiejskiej
Janów Podlaski - miasto (4),janow-podlaski-miasto-4,lubelskie,0601054,miasto w gminie miejsko-wiejskiej
Jaraczewo - miasto (4),jaraczewo-miasto-4,wielkopolskie,3006014,miasto w gminie miejsko-wiejskiej
Jarocin - miasto (4),jarocin-miasto-4,wielkopolskie,3006024,miasto w gminie miejsko-wiejskiej
Jarosław (1),jaroslaw-1,podkarpackie,1804011,gmina miejska
Jasień - miasto (4),jasien-miasto-4,lubuskie,0811044,miasto w gminie miejsko-wiejskiej
Jastarnia - miasto (4),jastarnia-miasto-4,pomorskie,2211024,miasto w gminie miejsko-wiejskiej
Jastrowie - miasto (4),jastrowie-miasto-4,wielkopolskie,3031024,miasto w gminie miejsko-wiejskiej
Jastrząb - miasto (4),jastrzab-miasto-4,mazowieckie,1430024,miasto w gminie miejsko-wiejskiej
Jastrzębie-Zdrój (1),jastrzebie-zdroj-1,śląskie,2467011,gmina miejska
Jasło (1),jaslo-1,podkarpackie,1805011,gmina miejska
Jawor (1),jawor-1,dolnośląskie,0205011,gmina miejska
Jawornik Polski - miasto (4),jawornik-polski-miasto-4,podkarpackie,1814044,miasto w gminie miejsko-wiejskiej
Jaworzno (1),jaworzno-1,śląskie,2468011,gmina miejska
Jaworzyna Śląska - miasto (4),jaworzyna-slaska-miasto-4,dolnośląskie,0219044,miasto w gminie miejsko-wiejskiej
Jedlicze - miasto (4),jedlicze-miasto-4,podkarpackie,1807044,miasto w gminie miejsko-wiejskiej
Jedlina-Zdrój (1),jedlina-zdroj-1,dolnośląskie,0221021,gmina miejska
Jedlnia-Letnisko - miasto (4),jedlnia-letnisko-miasto-4,mazowieckie,1425064,miasto w gminie miejsko-wiejskiej
Jedwabne - miasto (4),jedwabne-miasto-4,podlaskie,2007014,miasto w gminie miejsko-wiejskiej
Jelcz-Laskowice - miasto (4),jelcz-laskowice-miasto-4,dolnośląskie,0215034,miasto w gminie miejsko-wiejskiej
Jelenia Góra (1),jelenia-gora-1,dolnośląskie,0261011,gmina miejska
Jeziorany - miasto (4),jeziorany-miasto-4,warmińsko-mazurskie,2814064,miasto w gminie miejsko-wiejskiej
Jeżów - miasto (4),jezow-miasto-4,łódzkie,1021044,miasto w gminie miejsko-wiejskiej
Jordanów (1),jordanow-1,małopolskie,1215011,gmina miejska
Jutrosin - miasto (4),jutrosin-miasto-4,wielkopolskie,3022024,miasto w gminie miejsko-wiejskiej
Józefów (1),jozefow-1,mazowieckie,1417011,gmina miejska
Józefów - miasto (4),jozefow-miasto-4,lubelskie,0602074,miasto w gminie miejsko-wiejskiej
Józefów nad Wisłą - miasto (4),jozefow-nad-wisla-miasto-4,lubelskie,0612024,miasto w gminie miejsko-wiejskiej
Jędrzejów - miasto (4),jedrzejow-miasto-4,świętokrzyskie,2602024,miasto w gminie miejsko-wiejskiej
Kaczory - miasto (4),kaczory-miasto-4,wielkopolskie,3019034,miasto w gminie miejsko-wiejskiej
Kalety (1),kalety-1,śląskie,2413011,gmina miejska
Kalisz (1),kalisz-1,wielkopolskie,3061011,gmina miejska
Kalisz Pomorski - miasto (4),kalisz-pomorski-miasto-4,zachodniopomorskie,3203034,miasto w gminie miejsko-wiejskiej
Kalwaria Zebrzydowska - miasto (4),kalwaria-zebrzydowska-miasto-4,małopolskie,1218034,miasto w gminie miejsko-wiejskiej
Kamieniec Ząbkowicki - miasto (4),kamieniec-zabkowicki-miasto-4,dolnośląskie,0224034,miasto w gminie miejsko-wiejskiej
Kamienna Góra (1),kamienna-gora-1,dolnośląskie,0207011,gmina miejska
Kamień Krajeński - miasto (4),kamien-krajenski-miasto-4,kujawsko-pomorskie,0413014,miasto w gminie miejsko-wiejskiej
Kamień Pomorski - miasto (4),kamien-pomorski-miasto-4,zachodniopomorskie,3207034,miasto w gminie miejsko-wiejskiej
Kamieńsk - miasto (4),kamiensk-miasto-4,łódzkie,1012054,miasto w gminie miejsko-wiejskiej
Kamionka - miasto (4),kamionka-miasto-4,lubelskie,0608054,miasto w gminie miejsko-wiejskiej
Karczew - miasto (4),karczew-miasto-4,mazowieckie,1417044,miasto w gminie miejsko-wiejskiej
Kargowa - miasto (4),kargowa-miasto-4,lubuskie,0809044,miasto w gminie miejsko-wiejskiej
Karlino - miasto (4),karlino-miasto-4,zachodniopomorskie,3201034,miasto w gminie miejsko-wiejskiej
Karpacz (1),karpacz-1,dolnośląskie,0206011,gmina miejska
Kartuzy - miasto (4),kartuzy-miasto-4,pomorskie,2205024,miasto w gminie miejsko-wiejskiej
Katowice (1),katowice-1,śląskie,2469011,gmina miejska
Kazanów - miasto (4),kazanow-miasto-4,mazowieckie,1436014,miasto w gminie miejsko-wiejskiej
Kazimierz Dolny - miasto (4),kazimierz-dolny-miasto-4,lubelskie,0614044,miasto w gminie miejsko-wiejskiej
Kazimierza Wielka - miasto (4),kazimierza-wielka-miasto-4,świętokrzyskie,2603034,miasto w gminie miejsko-wiejskiej
Kałuszyn - miasto (4),kaluszyn-miasto-4,mazowieckie,1412094,miasto w gminie miejsko-wiejskiej
Kańczuga - miasto (4),kanczuga-miasto-4,podkarpackie,1814054,miasto w gminie miejsko-wiejskiej
Kcynia - miasto (4),kcynia-miasto-4,kujawsko-pomorskie,0410014,miasto w gminie miejsko-wiejskiej
Kielce (1),kielce-1,świętokrzyskie,2661011,gmina miejska
Kiernozia - miasto (4),kiernozia-miasto-4,łódzkie,1005054,miasto w gminie miejsko-wiejskiej
Kietrz - miasto (4),kietrz-miasto-4,opolskie,1602044,miasto w gminie miejsko-wiejskiej
Kikół - miasto (4),kikol-miasto-4,kujawsko-pomorskie,0408054,miasto w gminie miejsko-wiejskiej
Kisielice - miasto (4),kisielice-miasto-4,warmińsko-mazurskie,2807044,miasto w gminie miejsko-wiejskiej
Kleczew - miasto (4),kleczew-miasto-4,wielkopolskie,3010044,miasto w gminie miejsko-wiejskiej
Kleszczele - miasto (4),kleszczele-miasto-4,podlaskie,2005074,miasto w gminie miejsko-wiejskiej
Klimontów - miasto (4),klimontow-miasto-4,świętokrzyskie,2609034,miasto w gminie miejsko-wiejskiej
Kluczbork - miasto (4),kluczbork-miasto-4,opolskie,1604024,miasto w gminie miejsko-wiejskiej
Knurów (1),knurow-1,śląskie,2405011,gmina miejska
Knyszyn - miasto (4),knyszyn-miasto-4,podlaskie,2008044,miasto w gminie miejsko-wiejskiej
Kobylin - miasto (4),kobylin-miasto-4,wielkopolskie,3012024,miasto w gminie miejsko-wiejskiej
Kobylnica - miasto (4),kobylnica-miasto-4,pomorskie,2212064,miasto w gminie miejsko-wiejskiej
Kobyłka (1),kobylka-1,mazowieckie,1434011,gmina miejska
Kock - miasto (4),kock-miasto-4,lubelskie,0608064,miasto w gminie miejsko-wiejskiej
Kolbuszowa - miasto (4),kolbuszowa-miasto-4,podkarpackie,1806024,miasto w gminie miejsko-wiejskiej
Kolno (1),kolno-1,podlaskie,2006011,gmina miejska
Kolonowskie - miasto (4),kolonowskie-miasto-4,opolskie,1611034,miasto w gminie miejsko-wiejskiej
Koluszki - miasto (4),koluszki-miasto-4,łódzkie,1006074,miasto w gminie miejsko-wiejskiej
Koniecpol - miasto (4),koniecpol-miasto-4,śląskie,2404064,miasto w gminie miejsko-wiejskiej
Konin (1),konin-1,wielkopolskie,3062011,gmina miejska
Konstancin-Jeziorna - miasto (4),konstancin-jeziorna-miasto-4,mazowieckie,1418024,miasto w gminie miejsko-wiejskiej
Konstantynów Łódzki (1),konstantynow-lodzki-1,łódzkie,1008011,gmina miejska
Koprzywnica - miasto (4),koprzywnica-miasto-4,świętokrzyskie,2609044,miasto w gminie miejsko-wiejskiej
Korfantów - miasto (4),korfantow-miasto-4,opolskie,1607034,miasto w gminie miejsko-wiejskiej
Koronowo - miasto (4),koronowo-miasto-4,kujawsko-pomorskie,0403044,miasto w gminie miejsko-wiejskiej
Korsze - miasto (4),korsze-miasto-4,warmińsko-mazurskie,2808044,miasto w gminie miejsko-wiejskiej
Kostrzyn - miasto (4),kostrzyn-miasto-4,wielkopolskie,3021084,miasto w gminie miejsko-wiejskiej
Kostrzyn nad Odrą (1),kostrzyn-nad-odra-1,lubuskie,0801011,gmina miejska
Koszalin (1),koszalin-1,zachodniopomorskie,3261011,gmina miejska
Koszyce - miasto (4),koszyce-miasto-4,małopolskie,1214024,miasto w gminie miejsko-wiejskiej
Kosów Lacki - miasto (4),kosow-lacki-miasto-4,mazowieckie,1429054,miasto w gminie miejsko-wiejskiej
Kowal (1),kowal-1,kujawsko-pomorskie,0418011,gmina miejska
Kowalewo Pomorskie - miasto (4),kowalewo-pomorskie-miasto-4,kujawsko-pomorskie,0405044,miasto w gminie miejsko-wiejskiej
Kowary (1),kowary-1,dolnośląskie,0206021,gmina miejska
Koziegłowy - miasto (4),kozieglowy-miasto-4,śląskie,2409024,miasto w gminie miejsko-wiejskiej
Kozienice - miasto (4),kozienice-miasto-4,mazowieckie,1407054,miasto w gminie miejsko-wiejskiej
Kołaczyce - miasto (4),kolaczyce-miasto-4,podkarpackie,1805054,miasto w gminie miejsko-wiejskiej
Koło (1),kolo-1,wielkopolskie,3009011,gmina miejska
Kołobrzeg (1),kolobrzeg-1,zachodniopomorskie,3208011,gmina miejska
Końskie - miasto (4),konskie-miasto-4,świętokrzyskie,2605034,miasto w gminie miejsko-wiejskiej
Końskowola - miasto (4),konskowola-miasto-4,lubelskie,0614054,miasto w gminie miejsko-wiejskiej
Kościan (1),koscian-1,wielkopolskie,3011011,gmina miejska
Kościerzyna (1),koscierzyna-1,pomorskie,2206011,gmina miejska
Koźmin Wielkopolski - miasto (4),kozmin-wielkopolski-miasto-4,wielkopolskie,3012034,miasto w gminie miejsko-wiejskiej
Koźminek - miasto (4),kozminek-miasto-4,wielkopolskie,3007054,miasto w gminie miejsko-wiejskiej
Kożuchów - miasto (4),kozuchow-miasto-4,lubuskie,0804044,miasto w gminie miejsko-wiejskiej
Krajenka - miasto (4),krajenka-miasto-4,wielkopolskie,3031034,miasto w gminie miejsko-wiejskiej
Kraków (1),krakow-1,małopolskie,1261011,gmina miejska
Krapkowice - miasto (4),krapkowice-miasto-4,opolskie,1605024,miasto w gminie miejsko-wiejskiej
Krasnobród - miasto (4),krasnobrod-miasto-4,lubelskie,0620044,miasto w gminie miejsko-wiejskiej
Krasnystaw (1),krasnystaw-1,lubelskie,0606011,gmina miejska
Kraśnik (1),krasnik-1,lubelskie,0607011,gmina miejska
Krobia - miasto (4),krobia-miasto-4,wielkopolskie,3004034,miasto w gminie miejsko-wiejskiej
Krosno (1),krosno-1,podkarpackie,1861011,gmina miejska
Krosno Odrzańskie - miasto (4),krosno-odrzanskie-miasto-4,lubuskie,0802064,miasto w gminie miejsko-wiejskiej
Krotoszyn - miasto (4),krotoszyn-miasto-4,wielkopolskie,3012044,miasto w gminie miejsko-wiejskiej
Krośniewice - miasto (4),krosniewice-miasto-4,łódzkie,1002044,miasto w gminie miejsko-wiejskiej
Kruszwica - miasto (4),kruszwica-miasto-4,kujawsko-pomorskie,0407064,miasto w gminie miejsko-wiejskiej
Krynica Morska (1),krynica-morska-1,pomorskie,2210011,gmina miejska
Krynica-Zdrój - miasto (4),krynica-zdroj-miasto-4,małopolskie,1210074,miasto w gminie miejsko-wiejskiej
Krynki - miasto (4),krynki-miasto-4,podlaskie,2011044,miasto w gminie miejsko-wiejskiej
Krzanowice - miasto (4),krzanowice-miasto-4,śląskie,2411034,miasto w gminie miejsko-wiejskiej
Krzepice - miasto (4),krzepice-miasto-4,śląskie,2406024,miasto w gminie miejsko-wiejskiej
Krzeszowice - miasto (4),krzeszowice-miasto-4,małopolskie,1206064,miasto w gminie miejsko-wiejskiej
Krzywiń - miasto (4),krzywin-miasto-4,wielkopolskie,3011044,miasto w gminie miejsko-wiejskiej
Krzyż Wielkopolski - miasto (4),krzyz-wielkopolski-miasto-4,wielkopolskie,3002044,miasto w gminie miejsko-wiejskiej
Książ Wielki - miasto (4),ksiaz-wielki-miasto-4,małopolskie,1208044,miasto w gminie miejsko-wiejskiej
Książ Wielkopolski - miasto (4),ksiaz-wielkopolski-miasto-4,wielkopolskie,3026034,miasto w gminie miejsko-wiejskiej
Kudowa-Zdrój (1),kudowa-zdroj-1,dolnośląskie,0208031,gmina miejska
Kunów - miasto (4),kunow-miasto-4,świętokrzyskie,2607054,miasto w gminie miejsko-wiejskiej
Kurów - miasto (4),kurow-miasto-4,lubelskie,0614064,miasto w gminie miejsko-wiejskiej
Kutno (1),kutno-1,łódzkie,1002011,gmina miejska
Kuźnia Raciborska - miasto (4),kuznia-raciborska-miasto-4,śląskie,2411054,miasto w gminie miejsko-wiejskiej
Kwidzyn (1),kwidzyn-1,pomorskie,2207011,gmina miejska
Kórnik - miasto (4),kornik-miasto-4,wielkopolskie,3021094,miasto w gminie miejsko-wiejskiej
Kąty Wrocławskie - miasto (4),katy-wroclawskie-miasto-4,dolnośląskie,0223044,miasto w gminie miejsko-wiejskiej
Kędzierzyn-Koźle (1),kedzierzyn-kozle-1,opolskie,1603011,gmina miejska
Kępice - miasto (4),kepice-miasto-4,pomorskie,2212054,miasto w gminie miejsko-wiejskiej
Kępno - miasto (4),kepno-miasto-4,wielkopolskie,3008034,miasto w gminie miejsko-wiejskiej
Kętrzyn (1),ketrzyn-1,warmińsko-mazurskie,2808011,gmina miejska
Kęty - miasto (4),kety-miasto-4,małopolskie,1213044,miasto w gminie miejsko-wiejskiej
Kłecko - miasto (4),klecko-miasto-4,wielkopolskie,3003054,miasto w gminie miejsko-wiejskiej
Kłobuck - miasto (4),klobuck-miasto-4,śląskie,2406014,miasto w gminie miejsko-wiejskiej
Kłodawa - miasto (4),klodawa-miasto-4,wielkopolskie,3009064,miasto w gminie miejsko-wiejskiej
Kłodzko (1),klodzko-1,dolnośląskie,0208021,gmina miejska
Latowicz - miasto (4),latowicz-miasto-4,mazowieckie,1412104,miasto w gminie miejsko-wiejskiej
Legionowo (1),legionowo-1,mazowieckie,1408011,gmina miejska
Legnica (1),legnica-1,dolnośląskie,0262011,gmina miejska
Lesko - miasto (4),lesko-miasto-4,podkarpackie,1821034,miasto w gminie miejsko-wiejskiej
Leszno (1),leszno-1,wielkopolskie,3063011,gmina miejska
Lewin Brzeski - miasto (4),lewin-brzeski-miasto-4,opolskie,1601044,miasto w gminie miejsko-wiejskiej
Leśna - miasto (4),lesna-miasto-4,dolnośląskie,0210034,miasto w gminie miejsko-wiejskiej
Leśnica - miasto (4),lesnica-miasto-4,opolskie,1611044,miasto w gminie miejsko-wiejskiej
Leżajsk (1),lezajsk-1,podkarpackie,1808011,gmina miejska
Libiąż - miasto (4),libiaz-miasto-4,małopolskie,1203044,miasto w gminie miejsko-wiejskiej
Lidzbark - miasto (4),lidzbark-miasto-4,warmińsko-mazurskie,2803044,miasto w gminie miejsko-wiejskiej
Lidzbark Warmiński (1),lidzbark-warminski-1,warmińsko-mazurskie,2809011,gmina miejska
Limanowa (1),limanowa-1,małopolskie,1207011,gmina miejska
Lipiany - miasto (4),lipiany-miasto-4,zachodniopomorskie,3212034,miasto w gminie miejsko-wiejskiej
Lipno (1),lipno-1,kujawsko-pomorskie,0408011,gmina miejska
Lipsk - miasto (4),lipsk-miasto-4,podlaskie,2001044,miasto w gminie miejsko-wiejskiej
Lipsko - miasto (4),lipsko-miasto-4,mazowieckie,1409034,miasto w gminie miejsko-wiejskiej
Lubaczów (1),lubaczow-1,podkarpackie,1809011,gmina miejska
Lubartów (1),lubartow-1,lubelskie,0608011,gmina miejska
Lubawa (1),lubawa-1,warmińsko-mazurskie,2807021,gmina miejska
Lubawka - miasto (4),lubawka-miasto-4,dolnośląskie,0207034,miasto w gminie miejsko-wiejskiej
Lubań (1),luban-1,dolnośląskie,0210011,gmina miejska
Lubień Kujawski - miasto (4),lubien-kujawski-miasto-4,kujawsko-pomorskie,0418114,miasto w gminie miejsko-wiejskiej
Lubin (1),lubin-1,dolnośląskie,0211011,gmina miejska
Lublin (1),lublin-1,lubelskie,0663011,gmina miejska
Lubliniec (1),lubliniec-1,śląskie,2407011,gmina miejska
Lubniewice - miasto (4),lubniewice-miasto-4,lubuskie,0807024,miasto w gminie miejsko-wiejskiej
Lubomierz - miasto (4),lubomierz-miasto-4,dolnośląskie,0212024,miasto w gminie miejsko-wiejskiej
Lubowidz - miasto (4),lubowidz-miasto-4,mazowieckie,1437034,miasto w gminie miejsko-wiejskiej
Luboń (1),lubon-1,wielkopolskie,3021011,gmina miejska
Lubraniec - miasto (4),lubraniec-miasto-4,kujawsko-pomorskie,0418124,miasto w gminie miejsko-wiejskiej
Lubsko - miasto (4),lubsko-miasto-4,lubuskie,0811064,miasto w gminie miejsko-wiejskiej
Lubycza Królewska - miasto (4),lubycza-krolewska-miasto-4,lubelskie,0618054,miasto w gminie miejsko-wiejskiej
Lutomiersk - miasto (4),lutomiersk-miasto-4,łódzkie,1008064,miasto w gminie miejsko-wiejskiej
Lututów - miasto (4),lututow-miasto-4,łódzkie,1018044,miasto w gminie miejsko-wiejskiej
Lwówek - miasto (4),lwowek-miasto-4,wielkopolskie,3015024,miasto w gminie miejsko-wiejskiej
Lwówek Śląski - miasto (4),lwowek-slaski-miasto-4,dolnośląskie,0212034,miasto w gminie miejsko-wiejskiej
Lądek-Zdrój - miasto (4),ladek-zdroj-miasto-4,dolnośląskie,0208084,miasto w gminie miejsko-wiejskiej
Lębork (1),lebork-1,pomorskie,2208011,gmina miejska
Lędziny (1),ledziny-1,śląskie,2414031,gmina miejska
M.st.Warszawa (1),m-st-warszawa-1,mazowieckie,1465011,gmina miejska
Maciejowice - miasto (4),maciejowice-miasto-4,mazowieckie,1403074,miasto w gminie miejsko-wiejskiej
Magnuszew - miasto (4),magnuszew-miasto-4,mazowieckie,1407064,miasto w gminie miejsko-wiejskiej
Maków Mazowiecki (1),makow-mazowiecki-1,mazowieckie,1411011,gmina miejska
Maków Podhalański - miasto (4),makow-podhalanski-miasto-4,małopolskie,1215064,miasto w gminie miejsko-wiejskiej
Malbork (1),malbork-1,pomorskie,2209011,gmina miejska
Margonin - miasto (4),margonin-miasto-4,wielkopolskie,3001044,miasto w gminie miejsko-wiejskiej
Marki (1),marki-1,mazowieckie,1434021,gmina miejska
Maszewo - miasto (4),maszewo-miasto-4,zachodniopomorskie,3204034,miasto w gminie miejsko-wiejskiej
Małkinia Górna - miasto (4),malkinia-gorna-miasto-4,mazowieckie,1416054,miasto w gminie miejsko-wiejskiej
Małogoszcz - miasto (4),malogoszcz-miasto-4,świętokrzyskie,2602034,miasto w gminie miejsko-wiejskiej
Małomice - miasto (4),malomice-miasto-4,lubuskie,0810054,miasto w gminie miejsko-wiejskiej
Miasteczko Krajeńskie - miasto (4),miasteczko-krajenskie-miasto-4,wielkopolskie,3019054,miasto w gminie miejsko-wiejskiej
Miasteczko Śląskie (1),miasteczko-slaskie-1,śląskie,2413021,gmina miejska
Miastko - miasto (4),miastko-miasto-4,pomorskie,2201064,miasto w gminie miejsko-wiejskiej
Michałowo - miasto (4),michalowo-miasto-4,podlaskie,2002074,miasto w gminie miejsko-wiejskiej
Miechów - miasto (4),miechow-miasto-4,małopolskie,1208054,miasto w gminie miejsko-wiejskiej
Miejska Górka - miasto (4),miejska-gorka-miasto-4,wielkopolskie,3022034,miasto w gminie miejsko-wiejskiej
Mielec (1),mielec-1,podkarpackie,1811011,gmina miejska
Mielno - miasto (4),mielno-miasto-4,zachodniopomorskie,3209054,miasto w gminie miejsko-wiejskiej
Mieroszów - miasto (4),mieroszow-miasto-4,dolnośląskie,0221064,miasto w gminie miejsko-wiejskiej
Mieszkowice - miasto (4),mieszkowice-miasto-4,zachodniopomorskie,3206054,miasto w gminie miejsko-wiejskiej
Mieścisko - miasto (4),miescisko-miasto-4,wielkopolskie,3028044,miasto w gminie miejsko-wiejskiej
Mikołajki - miasto (4),mikolajki-miasto-4,warmińsko-mazurskie,2810024,miasto w gminie miejsko-wiejskiej
Mikołów (1),mikolow-1,śląskie,2408021,gmina miejska
Mikstat - miasto (4),mikstat-miasto-4,wielkopolskie,3018064,miasto w gminie miejsko-wiejskiej
Milanówek (1),milanowek-1,mazowieckie,1405011,gmina miejska
Milicz - miasto (4),milicz-miasto-4,dolnośląskie,0213034,miasto w gminie miejsko-wiejskiej
Mirosławiec - miasto (4),miroslawiec-miasto-4,zachodniopomorskie,3217034,miasto w gminie miejsko-wiejskiej
Mirsk - miasto (4),mirsk-miasto-4,dolnośląskie,0212044,miasto w gminie miejsko-wiejskiej
Międzybórz - miasto (4),miedzyborz-miasto-4,dolnośląskie,0214054,miasto w gminie miejsko-wiejskiej
Międzychód - miasto (4),miedzychod-miasto-4,wielkopolskie,3014034,miasto w gminie miejsko-wiejskiej
Międzylesie - miasto (4),miedzylesie-miasto-4,dolnośląskie,0208104,miasto w gminie miejsko-wiejskiej
Międzyrzec Podlaski (1),miedzyrzec-podlaski-1,lubelskie,0601011,gmina miejska
Międzyrzecz - miasto (4),miedzyrzecz-miasto-4,lubuskie,0803024,miasto w gminie miejsko-wiejskiej
Międzyzdroje - miasto (4),miedzyzdroje-miasto-4,zachodniopomorskie,3207044,miasto w gminie miejsko-wiejskiej
Miękinia - miasto (4),miekinia-miasto-4,dolnośląskie,0218034,miasto w gminie miejsko-wiejskiej
Miłakowo - miasto (4),milakowo-miasto-4,warmińsko-mazurskie,2815064,miasto w gminie miejsko-wiejskiej
Miłomłyn - miasto (4),milomlyn-miasto-4,warmińsko-mazurskie,2815074,miasto w gminie miejsko-wiejskiej
Miłosław - miasto (4),miloslaw-miasto-4,wielkopolskie,3030024,miasto w gminie miejsko-wiejskiej
Mińsk Mazowiecki (1),minsk-mazowiecki-1,mazowieckie,1412011,gmina miejska
Modliborzyce - miasto (4),modliborzyce-miasto-4,lubelskie,0605064,miasto w gminie miejsko-wiejskiej
Mogielnica - miasto (4),mogielnica-miasto-4,mazowieckie,1406074,miasto w gminie miejsko-wiejskiej
Mogilno - miasto (4),mogilno-miasto-4,kujawsko-pomorskie,0409034,miasto w gminie miejsko-wiejskiej
Morawica - miasto (4),morawica-miasto-4,świętokrzyskie,2604124,miasto w gminie miejsko-wiejskiej
Mordy - miasto (4),mordy-miasto-4,mazowieckie,1426054,miasto w gminie miejsko-wiejskiej
Moryń - miasto (4),moryn-miasto-4,zachodniopomorskie,3206064,miasto w gminie miejsko-wiejskiej
Morąg - miasto (4),morag-miasto-4,warmińsko-mazurskie,2815084,miasto w gminie miejsko-wiejskiej
Mosina - miasto (4),mosina-miasto-4,wielkopolskie,3021104,miasto w gminie miejsko-wiejskiej
Mońki - miasto (4),monki-miasto-4,podlaskie,2008064,miasto w gminie miejsko-wiejskiej
Mrocza - miasto (4),mrocza-miasto-4,kujawsko-pomorskie,0410024,miasto w gminie miejsko-wiejskiej
Mrozy - miasto (4),mrozy-miasto-4,mazowieckie,1412124,miasto w gminie miejsko-wiejskiej
Mrągowo (1),mragowo-1,warmińsko-mazurskie,2810011,gmina miejska
Mszana Dolna (1),mszana-dolna-1,małopolskie,1207021,gmina miejska
Mszczonów - miasto (4),mszczonow-miasto-4,mazowieckie,1438024,miasto w gminie miejsko-wiejskiej
Murowana Goślina - miasto (4),murowana-goslina-miasto-4,wielkopolskie,3021114,miasto w gminie miejsko-wiejskiej
Muszyna - miasto (4),muszyna-miasto-4,małopolskie,1210114,miasto w gminie miejsko-wiejskiej
Myszków (1),myszkow-1,śląskie,2409011,gmina miejska
Myszyniec - miasto (4),myszyniec-miasto-4,mazowieckie,1415084,miasto w gminie miejsko-wiejskiej
Mysłowice (1),myslowice-1,śląskie,2470011,gmina miejska
Myślenice - miasto (4),myslenice-miasto-4,małopolskie,1209034,miasto w gminie miejsko-wiejskiej
Myślibórz - miasto (4),mysliborz-miasto-4,zachodniopomorskie,3210044,miasto w gminie miejsko-wiejskiej
Mława (1),mlawa-1,mazowieckie,1413011,gmina miejska
Młynary - miasto (4),mlynary-miasto-4,warmińsko-mazurskie,2804064,miasto w gminie miejsko-wiejskiej
Nakło nad Notecią - miasto (4),naklo-nad-notecia-miasto-4,kujawsko-pomorskie,0410034,miasto w gminie miejsko-wiejskiej
Namysłów - miasto (4),namyslow-miasto-4,opolskie,1606024,miasto w gminie miejsko-wiejskiej
Narol - miasto (4),narol-miasto-4,podkarpackie,1809054,miasto w gminie miejsko-wiejskiej
Nasielsk - miasto (4),nasielsk-miasto-4,mazowieckie,1414044,miasto w gminie miejsko-wiejskiej
Nałęczów - miasto (4),naleczow-miasto-4,lubelskie,0614084,miasto w gminie miejsko-wiejskiej
Nekla - miasto (4),nekla-miasto-4,wielkopolskie,3030034,miasto w gminie miejsko-wiejskiej
Nidzica - miasto (4),nidzica-miasto-4,warmińsko-mazurskie,2811044,miasto w gminie miejsko-wiejskiej
Niemcza - miasto (4),niemcza-miasto-4,dolnośląskie,0202074,miasto w gminie miejsko-wiejskiej
Niemodlin - miasto (4),niemodlin-miasto-4,opolskie,1609074,miasto w gminie miejsko-wiejskiej
Niepołomice - miasto (4),niepolomice-miasto-4,małopolskie,1219044,miasto w gminie miejsko-wiejskiej
Nieszawa (1),nieszawa-1,kujawsko-pomorskie,0401031,gmina miejska
Nisko - miasto (4),nisko-miasto-4,podkarpackie,1812054,miasto w gminie miejsko-wiejskiej
Nowa Dęba - miasto (4),nowa-deba-miasto-4,podkarpackie,1820044,miasto w gminie miejsko-wiejskiej
Nowa Ruda (1),nowa-ruda-1,dolnośląskie,0208041,gmina miejska
Nowa Sarzyna - miasto (4),nowa-sarzyna-miasto-4,podkarpackie,1808054,miasto w gminie miejsko-wiejskiej
Nowa Sól (1),nowa-sol-1,lubuskie,0804011,gmina miejska
Nowa Słupia - miasto (4),nowa-slupia-miasto-4,świętokrzyskie,2604134,miasto w gminie miejsko-wiejskiej
Nowe - miasto (4),nowe-miasto-4,kujawsko-pomorskie,0414064,miasto w gminie miejsko-wiejskiej
Nowe Brzesko - miasto (4),nowe-brzesko-miasto-4,małopolskie,1214034,miasto w gminie miejsko-wiejskiej
Nowe Miasteczko - miasto (4),nowe-miasteczko-miasto-4,lubuskie,0804064,miasto w gminie miejsko-wiejskiej
Nowe Miasto - miasto (4),nowe-miasto-miasto-4,mazowieckie,1420084,miasto w gminie miejsko-wiejskiej
Nowe Miasto Lubawskie (1),nowe-miasto-lubawskie-1,warmińsko-mazurskie,2812011,gmina miejska
Nowe Miasto nad Pilicą - miasto (4),nowe-miasto-nad-pilica-miasto-4,mazowieckie,1406084,miasto w gminie miejsko-wiejskiej
Nowe Skalmierzyce - miasto (4),nowe-skalmierzyce-miasto-4,wielkopolskie,3017024,miasto w gminie miejsko-wiejskiej
Nowe Warpno - miasto (4),nowe-warpno-miasto-4,zachodniopomorskie,3211034,miasto w gminie miejsko-wiejskiej
Nowogard - miasto (4),nowogard-miasto-4,zachodniopomorskie,3204044,miasto w gminie miejsko-wiejskiej
Nowogrodziec - miasto (4),nowogrodziec-miasto-4,dolnośląskie,0201044,miasto w gminie miejsko-wiejskiej
Nowogród - miasto (4),nowogrod-miasto-4,podlaskie,2007044,miasto w gminie miejsko-wiejskiej
Nowogród Bobrzański - miasto (4),nowogrod-bobrzanski-miasto-4,lubuskie,0809054,miasto w gminie miejsko-wiejskiej
Nowy Dwór Gdański - miasto (4),nowy-dwor-gdanski-miasto-4,pomorskie,2210024,miasto w gminie miejsko-wiejskiej
Nowy Dwór Mazowiecki (1),nowy-dwor-mazowiecki-1,mazowieckie,1414011,gmina miejska
Nowy Korczyn - miasto (4),nowy-korczyn-miasto-4,świętokrzyskie,2601034,miasto w gminie miejsko-wiejskiej
Nowy Staw - miasto (4),nowy-staw-miasto-4,pomorskie,2209074,miasto w gminie miejsko-wiejskiej
Nowy Sącz (1),nowy-sacz-1,małopolskie,1262011,gmina miejska
Nowy Targ (1),nowy-targ-1,małopolskie,1211011,gmina miejska
Nowy Tomyśl - miasto (4),nowy-tomysl-miasto-4,wielkopolskie,3015044,miasto w gminie miejsko-wiejskiej
Nowy Wiśnicz - miasto (4),nowy-wisnicz-miasto-4,małopolskie,1201064,miasto w gminie miejsko-wiejskiej
Nysa - miasto (4),nysa-miasto-4,opolskie,1607054,miasto w gminie miejsko-wiejskiej
Oborniki - miasto (4),oborniki-miasto-4,wielkopolskie,3016014,miasto w gminie miejsko-wiejskiej
Oborniki Śląskie - miasto (4),oborniki-slaskie-miasto-4,dolnośląskie,0220014,miasto w gminie miejsko-wiejskiej
Obrzycko (1),obrzycko-1,wielkopolskie,3024011,gmina miejska
Odolanów - miasto (4),odolanow-miasto-4,wielkopolskie,3017034,miasto w gminie miejsko-wiejskiej
Odrzywół - miasto (4),odrzywol-miasto-4,mazowieckie,1423044,miasto w gminie miejsko-wiejskiej
Ogrodzieniec - miasto (4),ogrodzieniec-miasto-4,śląskie,2416064,miasto w gminie miejsko-wiejskiej
Okonek - miasto (4),okonek-miasto-4,wielkopolskie,3031054,miasto w gminie miejsko-wiejskiej
Olecko - miasto (4),olecko-miasto-4,warmińsko-mazurskie,2813044,miasto w gminie miejsko-wiejskiej
Olesno - miasto (4),olesno-miasto-4,opolskie,1608034,miasto w gminie miejsko-wiejskiej
Oleszyce - miasto (4),oleszyce-miasto-4,podkarpackie,1809064,miasto w gminie miejsko-wiejskiej
Oleśnica (1),olesnica-1,dolnośląskie,0214011,gmina miejska
Oleśnica - miasto (4),olesnica-miasto-4,świętokrzyskie,2612034,miasto w gminie miejsko-wiejskiej
Olkusz - miasto (4),olkusz-miasto-4,małopolskie,1212054,miasto w gminie miejsko-wiejskiej
Olsztyn (1),olsztyn-1,warmińsko-mazurskie,2862011,gmina miejska
Olsztyn - miasto (4),olsztyn-miasto-4,śląskie,2404124,miasto w gminie miejsko-wiejskiej
Olsztynek - miasto (4),olsztynek-miasto-4,warmińsko-mazurskie,2814094,miasto w gminie miejsko-wiejskiej
Olszyna - miasto (4),olszyna-miasto-4,dolnośląskie,0210054,miasto w gminie miejsko-wiejskiej
Opalenica - miasto (4),opalenica-miasto-4,wielkopolskie,3015054,miasto w gminie miejsko-wiejskiej
Opatowiec - miasto (4),opatowiec-miasto-4,świętokrzyskie,2603044,miasto w gminie miejsko-wiejskiej
Opatów - miasto (4),opatow-miasto-4,świętokrzyskie,2606044,miasto w gminie miejsko-wiejskiej
Opatówek - miasto (4),opatowek-miasto-4,wielkopolskie,3007084,miasto w gminie miejsko-wiejskiej
Opoczno - miasto (4),opoczno-miasto-4,łódzkie,1007044,miasto w gminie miejsko-wiejskiej
Opole (1),opole-1,opolskie,1661011,gmina miejska
Opole Lubelskie - miasto (4),opole-lubelskie-miasto-4,lubelskie,0612054,miasto w gminie miejsko-wiejskiej
Orneta - miasto (4),orneta-miasto-4,warmińsko-mazurskie,2809054,miasto w gminie miejsko-wiejskiej
Orzesze (1),orzesze-1,śląskie,2408031,gmina miejska
Orzysz - miasto (4),orzysz-miasto-4,warmińsko-mazurskie,2816024,miasto w gminie miejsko-wiejskiej
Osieck - miasto (4),osieck-miasto-4,mazowieckie,1417064,miasto w gminie miejsko-wiejskiej
Osieczna - miasto (4),osieczna-miasto-4,wielkopolskie,3013034,miasto w gminie miejsko-wiejskiej
Osiek - miasto (4),osiek-miasto-4,świętokrzyskie,2612044,miasto w gminie miejsko-wiejskiej
Osjaków - miasto (4),osjakow-miasto-4,łódzkie,1017054,miasto w gminie miejsko-wiejskiej
Ostroróg - miasto (4),ostrorog-miasto-4,wielkopolskie,3024054,miasto w gminie miejsko-wiejskiej
Ostrowiec Świętokrzyski (1),ostrowiec-swietokrzyski-1,świętokrzyskie,2607011,gmina miejska
Ostrołęka (1),ostroleka-1,mazowieckie,1461011,gmina miejska
Ostrzeszów - miasto (4),ostrzeszow-miasto-4,wielkopolskie,3018074,miasto w gminie miejsko-wiejskiej
Ostróda (1),ostroda-1,warmińsko-mazurskie,2815011,gmina miejska
Ostrów Lubelski - miasto (4),ostrow-lubelski-miasto-4,lubelskie,0608104,miasto w gminie miejsko-wiejskiej
Ostrów Mazowiecka (1),ostrow-mazowiecka-1,mazowieckie,1416011,gmina miejska
Ostrów Wielkopolski (1),ostrow-wielkopolski-1,wielkopolskie,3017011,gmina miejska
Otmuchów - miasto (4),otmuchow-miasto-4,opolskie,1607064,miasto w gminie miejsko-wiejskiej
Otwock (1),otwock-1,mazowieckie,1417021,gmina miejska
Otyń - miasto (4),otyn-miasto-4,lubuskie,0804074,miasto w gminie miejsko-wiejskiej
Ozimek - miasto (4),ozimek-miasto-4,opolskie,1609084,miasto w gminie miejsko-wiejskiej
Ozorków (1),ozorkow-1,łódzkie,1020021,gmina miejska
Oława (1),olawa-1,dolnośląskie,0215011,gmina miejska
Ośno Lubuskie - miasto (4),osno-lubuskie-miasto-4,lubuskie,0805034,miasto w gminie miejsko-wiejskiej
Oświęcim (1),oswiecim-1,małopolskie,1213011,gmina miejska
Ożarów - miasto (4),ozarow-miasto-4,świętokrzyskie,2606054,miasto w gminie miejsko-wiejskiej
Ożarów Mazowiecki - miasto (4),ozarow-mazowiecki-miasto-4,mazowieckie,1432064,miasto w gminie miejsko-wiejskiej
Pabianice (1),pabianice-1,łódzkie,1008021,gmina miejska
Pacanów - miasto (4),pacanow-miasto-4,świętokrzyskie,2601044,miasto w gminie miejsko-wiejskiej
Paczków - miasto (4),paczkow-miasto-4,opolskie,1607074,miasto w gminie miejsko-wiejskiej
Pajęczno - miasto (4),pajeczno-miasto-4,łódzkie,1009044,miasto w gminie miejsko-wiejskiej
Pakość - miasto (4),pakosc-miasto-4,kujawsko-pomorskie,0407074,miasto w gminie miejsko-wiejskiej
Parczew - miasto (4),parczew-miasto-4,lubelskie,0613044,miasto w gminie miejsko-wiejskiej
Parzęczew - miasto (4),parzeczew-miasto-4,łódzkie,1020074,miasto w gminie miejsko-wiejskiej
Pasym - miasto (4),pasym-miasto-4,warmińsko-mazurskie,2817044,miasto w gminie miejsko-wiejskiej
Pasłęk - miasto (4),paslek-miasto-4,warmińsko-mazurskie,2804074,miasto w gminie miejsko-wiejskiej
Pelplin - miasto (4),pelplin-miasto-4,pomorskie,2214044,miasto w gminie miejsko-wiejskiej
Pełczyce - miasto (4),pelczyce-miasto-4,zachodniopomorskie,3202054,miasto w gminie miejsko-wiejskiej
Piaseczno - miasto (4),piaseczno-miasto-4,mazowieckie,1418044,miasto w gminie miejsko-wiejskiej
Piaski - miasto (4),piaski-miasto-4,lubelskie,0617034,miasto w gminie miejsko-wiejskiej
Piastów (1),piastow-1,mazowieckie,1421011,gmina miejska
Piechowice (1),piechowice-1,dolnośląskie,0206031,gmina miejska
Piekary Śląskie (1),piekary-slaskie-1,śląskie,2471011,gmina miejska
Piekoszów - miasto (4),piekoszow-miasto-4,świętokrzyskie,2604144,miasto w gminie miejsko-wiejskiej
Pieniężno - miasto (4),pieniezno-miasto-4,warmińsko-mazurskie,2802054,miasto w gminie miejsko-wiejskiej
Pierzchnica - miasto (4),pierzchnica-miasto-4,świętokrzyskie,2604154,miasto w gminie miejsko-wiejskiej
Pieszyce - miasto (4),pieszyce-miasto-4,dolnośląskie,0202034,miasto w gminie miejsko-wiejskiej
Pieńsk - miasto (4),piensk-miasto-4,dolnośląskie,0225044,miasto w gminie miejsko-wiejskiej
Pilawa - miasto (4),pilawa-miasto-4,mazowieckie,1403104,miasto w gminie miejsko-wiejskiej
Pilica - miasto (4),pilica-miasto-4,śląskie,2416074,miasto w gminie miejsko-wiejskiej
Pilzno - miasto (4),pilzno-miasto-4,podkarpackie,1803064,miasto w gminie miejsko-wiejskiej
Pionki (1),pionki-1,mazowieckie,1425011,gmina miejska
Piotrków Kujawski - miasto (4),piotrkow-kujawski-miasto-4,kujawsko-pomorskie,0411054,miasto w gminie miejsko-wiejskiej
Piotrków Trybunalski (1),piotrkow-trybunalski-1,łódzkie,1062011,gmina miejska
Pisz - miasto (4),pisz-miasto-4,warmińsko-mazurskie,2816034,miasto w gminie miejsko-wiejskiej
Piszczac - miasto (4),piszczac-miasto-4,lubelskie,0601114,miasto w gminie miejsko-wiejskiej
Piwniczna-Zdrój - miasto (4),piwniczna-zdroj-miasto-4,małopolskie,1210134,miasto w gminie miejsko-wiejskiej
Piątek - miasto (4),piatek-miasto-4,łódzkie,1004064,miasto w gminie miejsko-wiejskiej
Piła (1),pila-1,wielkopolskie,3019011,gmina miejska
Piława Górna (1),pilawa-gorna-1,dolnośląskie,0202041,gmina miejska
Pińczów - miasto (4),pinczow-miasto-4,świętokrzyskie,2608044,miasto w gminie miejsko-wiejskiej
Pleszew - miasto (4),pleszew-miasto-4,wielkopolskie,3020064,miasto w gminie miejsko-wiejskiej
Pniewy - miasto (4),pniewy-miasto-4,wielkopolskie,3024064,miasto w gminie miejsko-wiejskiej
Pobiedziska - miasto (4),pobiedziska-miasto-4,wielkopolskie,3021124,miasto w gminie miejsko-wiejskiej
Poddębice - miasto (4),poddebice-miasto-4,łódzkie,1011034,miasto w gminie miejsko-wiejskiej
Podkowa Leśna (1),podkowa-lesna-1,mazowieckie,1405021,gmina miejska
Pogorzela - miasto (4),pogorzela-miasto-4,wielkopolskie,3004064,miasto w gminie miejsko-wiejskiej
Polanica-Zdrój (1),polanica-zdroj-1,dolnośląskie,0208051,gmina miejska
Polanów - miasto (4),polanow-miasto-4,zachodniopomorskie,3209064,miasto w gminie miejsko-wiejskiej
Police - miasto (4),police-miasto-4,zachodniopomorskie,3211044,miasto w gminie miejsko-wiejskiej
Polkowice - miasto (4),polkowice-miasto-4,dolnośląskie,0216044,miasto w gminie miejsko-wiejskiej
Poniatowa - miasto (4),poniatowa-miasto-4,lubelskie,0612064,miasto w gminie miejsko-wiejskiej
Poniec - miasto (4),poniec-miasto-4,wielkopolskie,3004074,miasto w gminie miejsko-wiejskiej
Poręba (1),poreba-1,śląskie,2416011,gmina miejska
Poznań (1),poznan-1,wielkopolskie,3064011,gmina miejska
Połaniec - miasto (4),polaniec-miasto-4,świętokrzyskie,2612054,miasto w gminie miejsko-wiejskiej
Połczyn-Zdrój - miasto (4),polczyn-zdroj-miasto-4,zachodniopomorskie,3216034,miasto w gminie miejsko-wiejskiej
Prabuty - miasto (4),prabuty-miasto-4,pomorskie,2207044,miasto w gminie miejsko-wiejskiej
Praszka - miasto (4),praszka-miasto-4,opolskie,1608044,miasto w gminie miejsko-wiejskiej
Prochowice - miasto (4),prochowice-miasto-4,dolnośląskie,0209074,miasto w gminie miejsko-wiejskiej
Proszowice - miasto (4),proszowice-miasto-4,małopolskie,1214054,miasto w gminie miejsko-wiejskiej
Pruchnik - miasto (4),pruchnik-miasto-4,podkarpackie,1804074,miasto w gminie miejsko-wiejskiej
Prudnik - miasto (4),prudnik-miasto-4,opolskie,1610044,miasto w gminie miejsko-wiejskiej
Prusice - miasto (4),prusice-miasto-4,dolnośląskie,0220024,miasto w gminie miejsko-wiejskiej
Pruszcz - miasto (4),pruszcz-miasto-4,kujawsko-pomorskie,0414084,miasto w gminie miejsko-wiejskiej
Pruszcz Gdański (1),pruszcz-gdanski-1,pomorskie,2204011,gmina miejska
Pruszków (1),pruszkow-1,mazowieckie,1421021,gmina miejska
Przasnysz (1),przasnysz-1,mazowieckie,1422011,gmina miejska
Przecław - miasto (4),przeclaw-miasto-4,podkarpackie,1811074,miasto w gminie miejsko-wiejskiej
Przedbórz - miasto (4),przedborz-miasto-4,łódzkie,1012114,miasto w gminie miejsko-wiejskiej
Przedecz - miasto (4),przedecz-miasto-4,wielkopolskie,3009114,miasto w gminie miejsko-wiejskiej
Przemków - miasto (4),przemkow-miasto-4,dolnośląskie,0216054,miasto w gminie miejsko-wiejskiej
Przemyśl (1),przemysl-1,podkarpackie,1862011,gmina miejska
Przeworsk (1),przeworsk-1,podkarpackie,1814011,gmina miejska
Przyrów - miasto (4),przyrow-miasto-4,śląskie,2404144,miasto w gminie miejsko-wiejskiej
Przysucha - miasto (4),przysucha-miasto-4,mazowieckie,1423064,miasto w gminie miejsko-wiejskiej
Przytyk - miasto (4),przytyk-miasto-4,mazowieckie,1425094,miasto w gminie miejsko-wiejskiej
Prószków - miasto (4),proszkow-miasto-4,opolskie,1609104,miasto w gminie miejsko-wiejskiej
Pszczyna - miasto (4),pszczyna-miasto-4,śląskie,2410054,miasto w gminie miejsko-wiejskiej
Pszów (1),pszow-1,śląskie,2415011,gmina miejska
Puck (1),puck-1,pomorskie,2211031,gmina miejska
Puszczykowo (1),puszczykowo-1,wielkopolskie,3021021,gmina miejska
Puławy (1),pulawy-1,lubelskie,0614011,gmina miejska
Pułtusk - miasto (4),pultusk-miasto-4,mazowieckie,1424044,miasto w gminie miejsko-wiejskiej
Pyrzyce - miasto (4),pyrzyce-miasto-4,zachodniopomorskie,3212054,miasto w gminie miejsko-wiejskiej
Pyskowice (1),pyskowice-1,śląskie,2405021,gmina miejska
Pyzdry - miasto (4),pyzdry-miasto-4,wielkopolskie,3030044,miasto w gminie miejsko-wiejskiej
Płock (1),plock-1,mazowieckie,1462011,gmina miejska
Płoty - miasto (4),ploty-miasto-4,zachodniopomorskie,3205044,miasto w gminie miejsko-wiejskiej
Płońsk (1),plonsk-1,mazowieckie,1420011,gmina miejska
Rabka-Zdrój - miasto (4),rabka-zdroj-miasto-4,małopolskie,1211124,miasto w gminie miejsko-wiejskiej
Racibórz (1),raciborz-1,śląskie,2411011,gmina miejska
Raciąż (1),raciaz-1,mazowieckie,1420021,gmina miejska
Radków - miasto (4),radkow-miasto-4,dolnośląskie,0208124,miasto w gminie miejsko-wiejskiej
Radlin (1),radlin-1,śląskie,2415021,gmina miejska
Radom (1),radom-1,mazowieckie,1463011,gmina miejska
Radomsko (1),radomsko-1,łódzkie,1012011,gmina miejska
Radomyśl Wielki - miasto (4),radomysl-wielki-miasto-4,podkarpackie,1811084,miasto w gminie miejsko-wiejskiej
Radoszyce - miasto (4),radoszyce-miasto-4,świętokrzyskie,2605044,miasto w gminie miejsko-wiejskiej
Radymno (1),radymno-1,podkarpackie,1804021,gmina miejska
Radziejów (1),radziejow-1,kujawsko-pomorskie,0411011,gmina miejska
Radzionków (1),radzionkow-1,śląskie,2413031,gmina miejska
Radzymin - miasto (4),radzymin-miasto-4,mazowieckie,1434094,miasto w gminie miejsko-wiejskiej
Radzyń Chełmiński - miasto (4),radzyn-chelminski-miasto-4,kujawsko-pomorskie,0406044,miasto w gminie miejsko-wiejskiej
Radzyń Podlaski (1),radzyn-podlaski-1,lubelskie,0615011,gmina miejska
Radłów - miasto (4),radlow-miasto-4,małopolskie,1216054,miasto w gminie miejsko-wiejskiej
Rajgród - miasto (4),rajgrod-miasto-4,podlaskie,2004044,miasto w gminie miejsko-wiejskiej
Rakoniewice - miasto (4),rakoniewice-miasto-4,wielkopolskie,3005044,miasto w gminie miejsko-wiejskiej
Raszków - miasto (4),raszkow-miasto-4,wielkopolskie,3017064,miasto w gminie miejsko-wiejskiej
Rawa Mazowiecka (1),rawa-mazowiecka-1,łódzkie,1013011,gmina miejska
Rawicz - miasto (4),rawicz-miasto-4,wielkopolskie,3022054,miasto w gminie miejsko-wiejskiej
Recz - miasto (4),recz-miasto-4,zachodniopomorskie,3202064,miasto w gminie miejsko-wiejskiej
Reda (1),reda-1,pomorskie,2215011,gmina miejska
Rejowiec - miasto (4),rejowiec-miasto-4,lubelskie,0603154,miasto w gminie miejsko-wiejskiej
Rejowiec Fabryczny (1),rejowiec-fabryczny-1,lubelskie,0603011,gmina miejska
Resko - miasto (4),resko-miasto-4,zachodniopomorskie,3218044,miasto w gminie miejsko-wiejskiej
Reszel - miasto (4),reszel-miasto-4,warmińsko-mazurskie,2808054,miasto w gminie miejsko-wiejskiej
Rogoźno - miasto (4),rogozno-miasto-4,wielkopolskie,3016024,miasto w gminie miejsko-wiejskiej
Ropczyce - miasto (4),ropczyce-miasto-4,podkarpackie,1815034,miasto w gminie miejsko-wiejskiej
Rozprza - miasto (4),rozprza-miasto-4,łódzkie,1010084,miasto w gminie miejsko-wiejskiej
Ruciane-Nida - miasto (4),ruciane-nida-miasto-4,warmińsko-mazurskie,2816044,miasto w gminie miejsko-wiejskiej
Ruda Śląska (1),ruda-slaska-1,śląskie,2472011,gmina miejska
Rudnik nad Sanem - miasto (4),rudnik-nad-sanem-miasto-4,podkarpackie,1812064,miasto w gminie miejsko-wiejskiej
Rumia (1),rumia-1,pomorskie,2215021,gmina miejska
Rybnik (1),rybnik-1,śląskie,2473011,gmina miejska
Rychtal - miasto (4),rychtal-miasto-4,wielkopolskie,3008064,miasto w gminie miejsko-wiejskiej
Rychwał - miasto (4),rychwal-miasto-4,wielkopolskie,3010074,miasto w gminie miejsko-wiejskiej
Rydułtowy (1),rydultowy-1,śląskie,2415031,gmina miejska
Rydzyna - miasto (4),rydzyna-miasto-4,wielkopolskie,3013044,miasto w gminie miejsko-wiejskiej
Ryglice - miasto (4),ryglice-miasto-4,małopolskie,1216064,miasto w gminie miejsko-wiejskiej
Ryki - miasto (4),ryki-miasto-4,lubelskie,0616044,miasto w gminie miejsko-wiejskiej
Rymanów - miasto (4),rymanow-miasto-4,podkarpackie,1807084,miasto w gminie miejsko-wiejskiej
Ryn - miasto (4),ryn-miasto-4,warmińsko-mazurskie,2806084,miasto w gminie miejsko-wiejskiej
Rypin (1),rypin-1,kujawsko-pomorskie,0412011,gmina miejska
Rzepin - miasto (4),rzepin-miasto-4,lubuskie,0805044,miasto w gminie miejsko-wiejskiej
Rzeszów (1),rzeszow-1,podkarpackie,1863011,gmina miejska
Rzgów - miasto (4),rzgow-miasto-4,łódzkie,1006104,miasto w gminie miejsko-wiejskiej
Różan - miasto (4),rozan-miasto-4,mazowieckie,1411074,miasto w gminie miejsko-wiejskiej
Sandomierz (1),sandomierz-1,świętokrzyskie,2609011,gmina miejska
Sanniki - miasto (4),sanniki-miasto-4,mazowieckie,1404044,miasto w gminie miejsko-wiejskiej
Sanok (1),sanok-1,podkarpackie,1817011,gmina miejska
Sejny (1),sejny-1,podlaskie,2009011,gmina miejska
Serock - miasto (4),serock-miasto-4,mazowieckie,1408044,miasto w gminie miejsko-wiejskiej
Sianów - miasto (4),sianow-miasto-4,zachodniopomorskie,3209074,miasto w gminie miejsko-wiejskiej
Siechnice - miasto (4),siechnice-miasto-4,dolnośląskie,0223084,miasto w gminie miejsko-wiejskiej
Siedlce (1),siedlce-1,mazowieckie,1464011,gmina miejska
Siedliszcze - miasto (4),siedliszcze-miasto-4,lubelskie,0603114,miasto w gminie miejsko-wiejskiej
Siemianowice Śląskie (1),siemianowice-slaskie-1,śląskie,2474011,gmina miejska
Siemiatycze (1),siemiatycze-1,podlaskie,2010011,gmina miejska
Sieniawa - miasto (4),sieniawa-miasto-4,podkarpackie,1814074,miasto w gminie miejsko-wiejskiej
Siennica - miasto (4),siennica-miasto-4,mazowieckie,1412134,miasto w gminie miejsko-wiejskiej
Sienno - miasto (4),sienno-miasto-4,mazowieckie,1409054,miasto w gminie miejsko-wiejskiej
Sieradz (1),sieradz-1,łódzkie,1014011,gmina miejska
Sieraków - miasto (4),sierakow-miasto-4,wielkopolskie,3014044,miasto w gminie miejsko-wiejskiej
Sierpc (1),sierpc-1,mazowieckie,1427011,gmina miejska
Siewierz - miasto (4),siewierz-miasto-4,śląskie,2401074,miasto w gminie miejsko-wiejskiej
Skalbmierz - miasto (4),skalbmierz-miasto-4,świętokrzyskie,2603054,miasto w gminie miejsko-wiejskiej
Skarszewy - miasto (4),skarszewy-miasto-4,pomorskie,2213094,miasto w gminie miejsko-wiejskiej
Skaryszew - miasto (4),skaryszew-miasto-4,mazowieckie,1425104,miasto w gminie miejsko-wiejskiej
Skarżysko-Kamienna (1),skarzysko-kamienna-1,świętokrzyskie,2610011,gmina miejska
Skawina - miasto (4),skawina-miasto-4,małopolskie,1206114,miasto w gminie miejsko-wiejskiej
Skała - miasto (4),skala-miasto-4,małopolskie,1206104,miasto w gminie miejsko-wiejskiej
Skierniewice (1),skierniewice-1,łódzkie,1063011,gmina miejska
Skoczów - miasto (4),skoczow-miasto-4,śląskie,2403104,miasto w gminie miejsko-wiejskiej
Skoki - miasto (4),skoki-miasto-4,wielkopolskie,3028054,miasto w gminie miejsko-wiejskiej
Skwierzyna - miasto (4),skwierzyna-miasto-4,lubuskie,0803054,miasto w gminie miejsko-wiejskiej
Skórcz (1),skorcz-1,pomorskie,2213021,gmina miejska
Skępe - miasto (4),skepe-miasto-4,kujawsko-pomorskie,0408074,miasto w gminie miejsko-wiejskiej
Sobków - miasto (4),sobkow-miasto-4,świętokrzyskie,2602084,miasto w gminie miejsko-wiejskiej
Sobótka - miasto (4),sobotka-miasto-4,dolnośląskie,0223074,miasto w gminie miejsko-wiejskiej
Sochaczew (1),sochaczew-1,mazowieckie,1428011,gmina miejska
Sochocin - miasto (4),sochocin-miasto-4,mazowieckie,1420114,miasto w gminie miejsko-wiejskiej
Sokołów Małopolski - miasto (4),sokolow-malopolski-miasto-4,podkarpackie,1816114,miasto w gminie miejsko-wiejskiej
Sokołów Podlaski (1),sokolow-podlaski-1,mazowieckie,1429011,gmina miejska
Sokółka - miasto (4),sokolka-miasto-4,podlaskie,2011084,miasto w gminie miejsko-wiejskiej
Solec Kujawski - miasto (4),solec-kujawski-miasto-4,kujawsko-pomorskie,0403084,miasto w gminie miejsko-wiejskiej
Solec nad Wisłą - miasto (4),solec-nad-wisla-miasto-4,mazowieckie,1409064,miasto w gminie miejsko-wiejskiej
Sompolno - miasto (4),sompolno-miasto-4,wielkopolskie,3010104,miasto w gminie miejsko-wiejskiej
Sopot (1),sopot-1,pomorskie,2264011,gmina miejska
Sosnowiec (1),sosnowiec-1,śląskie,2475011,gmina miejska
Sośnicowice - miasto (4),sosnicowice-miasto-4,śląskie,2405064,miasto w gminie miejsko-wiejskiej
Stalowa Wola (1),stalowa-wola-1,podkarpackie,1818011,gmina miejska
Stanisławów - miasto (4),stanislawow-miasto-4,mazowieckie,1412144,miasto w gminie miejsko-wiejskiej
Starachowice (1),starachowice-1,świętokrzyskie,2611011,gmina miejska
Stargard (1),stargard-1,zachodniopomorskie,3214011,gmina miejska
Starogard Gdański (1),starogard-gdanski-1,pomorskie,2213031,gmina miejska
Staroźreby - miasto (4),starozreby-miasto-4,mazowieckie,1419144,miasto w gminie miejsko-wiejskiej
Stary Sącz - miasto (4),stary-sacz-miasto-4,małopolskie,1210164,miasto w gminie miejsko-wiejskiej
Staszów - miasto (4),staszow-miasto-4,świętokrzyskie,2612074,miasto w gminie miejsko-wiejskiej
Stawiski - miasto (4),stawiski-miasto-4,podlaskie,2006054,miasto w gminie miejsko-wiejskiej
Stawiszyn - miasto (4),stawiszyn-miasto-4,wielkopolskie,3007094,miasto w gminie miejsko-wiejskiej
Stepnica - miasto (4),stepnica-miasto-4,zachodniopomorskie,3204074,miasto w gminie miejsko-wiejskiej
Stoczek Łukowski (1),stoczek-lukowski-1,lubelskie,0611021,gmina miejska
Stopnica - miasto (4),stopnica-miasto-4,świętokrzyskie,2601064,miasto w gminie miejsko-wiejskiej
Stronie Śląskie - miasto (4),stronie-slaskie-miasto-4,dolnośląskie,0208134,miasto w gminie miejsko-wiejskiej
Strumień - miasto (4),strumien-miasto-4,śląskie,2403114,miasto w gminie miejsko-wiejskiej
Stryków - miasto (4),strykow-miasto-4,łódzkie,1020084,miasto w gminie miejsko-wiejskiej
Strzegom - miasto (4),strzegom-miasto-4,dolnośląskie,0219064,miasto w gminie miejsko-wiejskiej
Strzelce Krajeńskie - miasto (4),strzelce-krajenskie-miasto-4,lubuskie,0806044,miasto w gminie miejsko-wiejskiej
Strzelce Opolskie - miasto (4),strzelce-opolskie-miasto-4,opolskie,1611054,miasto w gminie miejsko-wiejskiej
Strzeleczki - miasto (4),strzeleczki-miasto-4,opolskie,1605034,miasto w gminie miejsko-wiejskiej
Strzelin - miasto (4),strzelin-miasto-4,dolnośląskie,0217044,miasto w gminie miejsko-wiejskiej
Strzelno - miasto (4),strzelno-miasto-4,kujawsko-pomorskie,0409044,miasto w gminie miejsko-wiejskiej
Strzyżów - miasto (4),strzyzow-miasto-4,podkarpackie,1819044,miasto w gminie miejsko-wiejskiej
Stąporków - miasto (4),staporkow-miasto-4,świętokrzyskie,2605084,miasto w gminie miejsko-wiejskiej
Stęszew - miasto (4),steszew-miasto-4,wielkopolskie,3021144,miasto w gminie miejsko-wiejskiej
Sucha Beskidzka (1),sucha-beskidzka-1,małopolskie,1215021,gmina miejska
Suchań - miasto (4),suchan-miasto-4,zachodniopomorskie,3214114,miasto w gminie miejsko-wiejskiej
Suchedniów - miasto (4),suchedniow-miasto-4,świętokrzyskie,2610054,miasto w gminie miejsko-wiejskiej
Suchowola - miasto (4),suchowola-miasto-4,podlaskie,2011094,miasto w gminie miejsko-wiejskiej
Sulechów - miasto (4),sulechow-miasto-4,lubuskie,0809064,miasto w gminie miejsko-wiejskiej
Sulejów - miasto (4),sulejow-miasto-4,łódzkie,1010094,miasto w gminie miejsko-wiejskiej
Sulejówek (1),sulejowek-1,mazowieckie,1412151,gmina miejska
Sulmierzyce (1),sulmierzyce-1,wielkopolskie,3012011,gmina miejska
Sulęcin - miasto (4),sulecin-miasto-4,lubuskie,0807044,miasto w gminie miejsko-wiejskiej
Supraśl - miasto (4),suprasl-miasto-4,podlaskie,2002094,miasto w gminie miejsko-wiejskiej
Suraż - miasto (4),suraz-miasto-4,podlaskie,2002104,miasto w gminie miejsko-wiejskiej
Susz - miasto (4),susz-miasto-4,warmińsko-mazurskie,2807064,miasto w gminie miejsko-wiejskiej
Suwałki (1),suwalki-1,podlaskie,2063011,gmina miejska
Sułkowice - miasto (4),sulkowice-miasto-4,małopolskie,1209074,miasto w gminie miejsko-wiejskiej
Swarzędz - miasto (4),swarzedz-miasto-4,wielkopolskie,3021164,miasto w gminie miejsko-wiejskiej
Syców - miasto (4),sycow-miasto-4,dolnośląskie,0214074,miasto w gminie miejsko-wiejskiej
Szadek - miasto (4),szadek-miasto-4,łódzkie,1019024,miasto w gminie miejsko-wiejskiej
Szamocin - miasto (4),szamocin-miasto-4,wielkopolskie,3001054,miasto w gminie miejsko-wiejskiej
Szamotuły - miasto (4),szamotuly-miasto-4,wielkopolskie,3024074,miasto w gminie miejsko-wiejskiej
Szczawnica - miasto (4),szczawnica-miasto-4,małopolskie,1211024,miasto w gminie miejsko-wiejskiej
Szczawno-Zdrój (1),szczawno-zdroj-1,dolnośląskie,0221031,gmina miejska
Szczebrzeszyn - miasto (4),szczebrzeszyn-miasto-4,lubelskie,0620134,miasto w gminie miejsko-wiejskiej
Szczecin (1),szczecin-1,zachodniopomorskie,3262011,gmina miejska
Szczecinek (1),szczecinek-1,zachodniopomorskie,3215011,gmina miejska
Szczekociny - miasto (4),szczekociny-miasto-4,śląskie,2416084,miasto w gminie miejsko-wiejskiej
Szczucin - miasto (4),szczucin-miasto-4,małopolskie,1204074,miasto w gminie miejsko-wiejskiej
Szczuczyn - miasto (4),szczuczyn-miasto-4,podlaskie,2004054,miasto w gminie miejsko-wiejskiej
Szczyrk (1),szczyrk-1,śląskie,2402011,gmina miejska
Szczytna - miasto (4),szczytna-miasto-4,dolnośląskie,0208144,miasto w gminie miejsko-wiejskiej
Szczytno (1),szczytno-1,warmińsko-mazurskie,2817011,gmina miejska
Szepietowo - miasto (4),szepietowo-miasto-4,podlaskie,2013094,miasto w gminie miejsko-wiejskiej
Szklarska Poręba (1),szklarska-poreba-1,dolnośląskie,0206041,gmina miejska
Szlichtyngowa - miasto (4),szlichtyngowa-miasto-4,lubuskie,0812024,miasto w gminie miejsko-wiejskiej
Szprotawa - miasto (4),szprotawa-miasto-4,lubuskie,0810074,miasto w gminie miejsko-wiejskiej
Sztum - miasto (4),sztum-miasto-4,pomorskie,2216054,miasto w gminie miejsko-wiejskiej
Szubin - miasto (4),szubin-miasto-4,kujawsko-pomorskie,0410054,miasto w gminie miejsko-wiejskiej
Szydłowiec - miasto (4),szydlowiec-miasto-4,mazowieckie,1430054,miasto w gminie miejsko-wiejskiej
Szydłów - miasto (4),szydlow-miasto-4,świętokrzyskie,2612084,miasto w gminie miejsko-wiejskiej
Sędziszów - miasto (4),sedziszow-miasto-4,świętokrzyskie,2602064,miasto w gminie miejsko-wiejskiej
Sędziszów Małopolski - miasto (4),sedziszow-malopolski-miasto-4,podkarpackie,1815044,miasto w gminie miejsko-wiejskiej
Sępopol - miasto (4),sepopol-miasto-4,warmińsko-mazurskie,2801064,miasto w gminie miejsko-wiejskiej
Sępólno Krajeńskie - miasto (4),sepolno-krajenskie-miasto-4,kujawsko-pomorskie,0413024,miasto w gminie miejsko-wiejskiej
Sława - miasto (4),slawa-miasto-4,lubuskie,0812014,miasto w gminie miejsko-wiejskiej
Sławków (1),slawkow-1,śląskie,2401081,gmina miejska
Sławno (1),slawno-1,zachodniopomorskie,3213021,gmina miejska
Słomniki - miasto (4),slomniki-miasto-4,małopolskie,1206124,miasto w gminie miejsko-wiejskiej
Słubice - miasto (4),slubice-miasto-4,lubuskie,0805054,miasto w gminie miejsko-wiejskiej
Słupca (1),slupca-1,wielkopolskie,3023011,gmina miejska
Słupsk (1),slupsk-1,pomorskie,2263011,gmina miejska
Tarczyn - miasto (4),tarczyn-miasto-4,mazowieckie,1418064,miasto w gminie miejsko-wiejskiej
Tarnobrzeg (1),tarnobrzeg-1,podkarpackie,1864011,gmina miejska
Tarnogród - miasto (4),tarnogrod-miasto-4,lubelskie,0602124,miasto w gminie miejsko-wiejskiej
Tarnowskie Góry (1),tarnowskie-gory-1,śląskie,2413041,gmina miejska
Tarnów (1),tarnow-1,małopolskie,1263011,gmina miejska
Tczew (1),tczew-1,pomorskie,2214011,gmina miejska
Terespol (1),terespol-1,lubelskie,0601021,gmina miejska
Tolkmicko - miasto (4),tolkmicko-miasto-4,warmińsko-mazurskie,2804094,miasto w gminie miejsko-wiejskiej
Tomaszów Lubelski (1),tomaszow-lubelski-1,lubelskie,0618011,gmina miejska
Tomaszów Mazowiecki (1),tomaszow-mazowiecki-1,łódzkie,1016011,gmina miejska
Toruń (1),torun-1,kujawsko-pomorskie,0463011,gmina miejska
Torzym - miasto (4),torzym-miasto-4,lubuskie,0807054,miasto w gminie miejsko-wiejskiej
Toszek - miasto (4),toszek-miasto-4,śląskie,2405074,miasto w gminie miejsko-wiejskiej
Trzcianka - miasto (4),trzcianka-miasto-4,wielkopolskie,3002074,miasto w gminie miejsko-wiejskiej
Trzciel - miasto (4),trzciel-miasto-4,lubuskie,0803064,miasto w gminie miejsko-wiejskiej
Trzcińsko-Zdrój - miasto (4),trzcinsko-zdroj-miasto-4,zachodniopomorskie,3206084,miasto w gminie miejsko-wiejskiej
Trzebiatów - miasto (4),trzebiatow-miasto-4,zachodniopomorskie,3205084,miasto w gminie miejsko-wiejskiej
Trzebinia - miasto (4),trzebinia-miasto-4,małopolskie,1203054,miasto w gminie miejsko-wiejskiej
Trzebnica - miasto (4),trzebnica-miasto-4,dolnośląskie,0220034,miasto w gminie miejsko-wiejskiej
Trzemeszno - miasto (4),trzemeszno-miasto-4,wielkopolskie,3003094,miasto w gminie miejsko-wiejskiej
Tuchola - miasto (4),tuchola-miasto-4,kujawsko-pomorskie,0416064,miasto w gminie miejsko-wiejskiej
Tuchów - miasto (4),tuchow-miasto-4,małopolskie,1216104,miasto w gminie miejsko-wiejskiej
Tuczno - miasto (4),tuczno-miasto-4,zachodniopomorskie,3217044,miasto w gminie miejsko-wiejskiej
Tuliszków - miasto (4),tuliszkow-miasto-4,wielkopolskie,3027074,miasto w gminie miejsko-wiejskiej
Turek (1),turek-1,wielkopolskie,3027011,gmina miejska
Turobin - miasto (4),turobin-miasto-4,lubelskie,0602144,miasto w gminie miejsko-wiejskiej
Tuszyn - miasto (4),tuszyn-miasto-4,łódzkie,1006114,miasto w gminie miejsko-wiejskiej
Tułowice - miasto (4),tulowice-miasto-4,opolskie,1609124,miasto w gminie miejsko-wiejskiej
Twardogóra - miasto (4),twardogora-miasto-4,dolnośląskie,0214084,miasto w gminie miejsko-wiejskiej
Tychowo - miasto (4),tychowo-miasto-4,zachodniopomorskie,3201044,miasto w gminie miejsko-wiejskiej
Tychy (1),tychy-1,śląskie,2477011,gmina miejska
Tyczyn - miasto (4),tyczyn-miasto-4,podkarpackie,1816144,miasto w gminie miejsko-wiejskiej
Tykocin - miasto (4),tykocin-miasto-4,podlaskie,2002124,miasto w gminie miejsko-wiejskiej
Tyszowce - miasto (4),tyszowce-miasto-4,lubelskie,0618124,miasto w gminie miejsko-wiejskiej
Tłuszcz - miasto (4),tluszcz-miasto-4,mazowieckie,1434114,miasto w gminie miejsko-wiejskiej
Ujazd - miasto (4),ujazd-miasto-4,łódzkie,1016104,miasto w gminie miejsko-wiejskiej
Ujazd - miasto (4),ujazd-miasto-4-opolskie,opolskie,1611064,miasto w gminie miejsko-wiejskiej
Ujście - miasto (4),ujscie-miasto-4,wielkopolskie,3019074,miasto w gminie miejsko-wiejskiej
Ulanów - miasto (4),ulanow-miasto-4,podkarpackie,1812074,miasto w gminie miejsko-wiejskiej
Uniejów - miasto (4),uniejow-miasto-4,łódzkie,1011044,miasto w gminie miejsko-wiejskiej
Urzędów - miasto (4),urzedow-miasto-4,lubelskie,0607084,miasto w gminie miejsko-wiejskiej
Ustka (1),ustka-1,pomorskie,2212011,gmina miejska
Ustroń (1),ustron-1,śląskie,2403021,gmina miejska
Ustrzyki Dolne - miasto (4),ustrzyki-dolne-miasto-4,podkarpackie,1801084,miasto w gminie miejsko-wiejskiej
Wadowice - miasto (4),wadowice-miasto-4,małopolskie,1218094,miasto w gminie miejsko-wiejskiej
Warka - miasto (4),warka-miasto-4,mazowieckie,1406114,miasto w gminie miejsko-wiejskiej
Warta - miasto (4),warta-miasto-4,łódzkie,1014094,miasto w gminie miejsko-wiejskiej
Wasilków - miasto (4),wasilkow-miasto-4,podlaskie,2002134,miasto w gminie miejsko-wiejskiej
Wałbrzych (1),walbrzych-1,dolnośląskie,0265011,gmina miejska
Wałcz (1),walcz-1,zachodniopomorskie,3217011,gmina miejska
Wejherowo (1),wejherowo-1,pomorskie,2215031,gmina miejska
Wielbark - miasto (4),wielbark-miasto-4,warmińsko-mazurskie,2817084,miasto w gminie miejsko-wiejskiej
Wieleń - miasto (4),wielen-miasto-4,wielkopolskie,3002084,miasto w gminie miejsko-wiejskiej
Wielichowo - miasto (4),wielichowo-miasto-4,wielkopolskie,3005054,miasto w gminie miejsko-wiejskiej
Wieliczka - miasto (4),wieliczka-miasto-4,małopolskie,1219054,miasto w gminie miejsko-wiejskiej
Wieluń - miasto (4),wielun-miasto-4,łódzkie,1017094,miasto w gminie miejsko-wiejskiej
Wieruszów - miasto (4),wieruszow-miasto-4,łódzkie,1018074,miasto w gminie miejsko-wiejskiej
Wilamowice - miasto (4),wilamowice-miasto-4,śląskie,2402094,miasto w gminie miejsko-wiejskiej
Wiskitki - miasto (4),wiskitki-miasto-4,mazowieckie,1438054,miasto w gminie miejsko-wiejskiej
Wisła (1),wisla-1,śląskie,2403031,gmina miejska
Witkowo - miasto (4),witkowo-miasto-4,wielkopolskie,3003104,miasto w gminie miejsko-wiejskiej
Witnica - miasto (4),witnica-miasto-4,lubuskie,0801074,miasto w gminie miejsko-wiejskiej
Wiązów - miasto (4),wiazow-miasto-4,dolnośląskie,0217054,miasto w gminie miejsko-wiejskiej
Więcbork - miasto (4),wiecbork-miasto-4,kujawsko-pomorskie,0413044,miasto w gminie miejsko-wiejskiej
Wiślica - miasto (4),wislica-miasto-4,świętokrzyskie,2601084,miasto w gminie miejsko-wiejskiej
Wleń - miasto (4),wlen-miasto-4,dolnośląskie,0212054,miasto w gminie miejsko-wiejskiej
Wodzisław - miasto (4),wodzislaw-miasto-4,świętokrzyskie,2602094,miasto w gminie miejsko-wiejskiej
Wodzisław Śląski (1),wodzislaw-slaski-1,śląskie,2415041,gmina miejska
Wojcieszów (1),wojcieszow-1,dolnośląskie,0226011,gmina miejska
Wojkowice (1),wojkowice-1,śląskie,2401031,gmina miejska
Wojnicz - miasto (4),wojnicz-miasto-4,małopolskie,1216134,miasto w gminie miejsko-wiejskiej
Wolbrom - miasto (4),wolbrom-miasto-4,małopolskie,1212074,miasto w gminie miejsko-wiejskiej
Wolbórz - miasto (4),wolborz-miasto-4,łódzkie,1010114,miasto w gminie miejsko-wiejskiej
Wolin - miasto (4),wolin-miasto-4,zachodniopomorskie,3207064,miasto w gminie miejsko-wiejskiej
Wolsztyn - miasto (4),wolsztyn-miasto-4,wielkopolskie,3029034,miasto w gminie miejsko-wiejskiej
Wołczyn - miasto (4),wolczyn-miasto-4,opolskie,1604044,miasto w gminie miejsko-wiejskiej
Wołomin - miasto (4),wolomin-miasto-4,mazowieckie,1434124,miasto w gminie miejsko-wiejskiej
Wołów - miasto (4),wolow-miasto-4,dolnośląskie,0222034,miasto w gminie miejsko-wiejskiej
Woźniki - miasto (4),wozniki-miasto-4,śląskie,2407084,miasto w gminie miejsko-wiejskiej
Wrocław (1),wroclaw-1,dolnośląskie,0264011,gmina miejska
Wronki - miasto (4),wronki-miasto-4,wielkopolskie,3024084,miasto w gminie miejsko-wiejskiej
Września - miasto (4),wrzesnia-miasto-4,wielkopolskie,3030054,miasto w gminie miejsko-wiejskiej
Wschowa - miasto (4),wschowa-miasto-4,lubuskie,0812034,miasto w gminie miejsko-wiejskiej
Wyrzysk - miasto (4),wyrzysk-miasto-4,wielkopolskie,3019084,miasto w gminie miejsko-wiejskiej
Wysoka - miasto (4),wysoka-miasto-4,wielkopolskie,3019094,miasto w gminie miejsko-wiejskiej
Wysokie Mazowieckie (1),wysokie-mazowieckie-1,podlaskie,2013011,gmina miejska
Wyszków - miasto (4),wyszkow-miasto-4,mazowieckie,1435054,miasto w gminie miejsko-wiejskiej
Wyszogród - miasto (4),wyszogrod-miasto-4,mazowieckie,1419154,miasto w gminie miejsko-wiejskiej
Wyśmierzyce - miasto (4),wysmierzyce-miasto-4,mazowieckie,1401064,miasto w gminie miejsko-wiejskiej
Wąbrzeźno (1),wabrzezno-1,kujawsko-pomorskie,0417011,gmina miejska
Wąchock - miasto (4),wachock-miasto-4,świętokrzyskie,2611054,miasto w gminie miejsko-wiejskiej
Wągrowiec (1),wagrowiec-1,wielkopolskie,3028011,gmina miejska
Wąsosz - miasto (4),wasosz-miasto-4,dolnośląskie,0204044,miasto w gminie miejsko-wiejskiej
Wąwolnica - miasto (4),wawolnica-miasto-4,lubelskie,0614104,miasto w gminie miejsko-wiejskiej
Węgliniec - miasto (4),wegliniec-miasto-4,dolnośląskie,0225064,miasto w gminie miejsko-wiejskiej
Węgorzewo - miasto (4),wegorzewo-miasto-4,warmińsko-mazurskie,2819034,miasto w gminie miejsko-wiejskiej
Węgorzyno - miasto (4),wegorzyno-miasto-4,zachodniopomorskie,3218054,miasto w gminie miejsko-wiejskiej
Węgrów (1),wegrow-1,mazowieckie,1433011,gmina miejska
Władysławowo - miasto (4),wladyslawowo-miasto-4,pomorskie,2211044,miasto w gminie miejsko-wiejskiej
Włocławek (1),wloclawek-1,kujawsko-pomorskie,0464011,gmina miejska
Włodawa (1),wlodawa-1,lubelskie,0619011,gmina miejska
Włodowice - miasto (4),wlodowice-miasto-4,śląskie,2416094,miasto w gminie miejsko-wiejskiej
Włoszczowa - miasto (4),wloszczowa-miasto-4,świętokrzyskie,2613064,miasto w gminie miejsko-wiejskiej
Zabrze (1),zabrze-1,śląskie,2478011,gmina miejska
Zabłudów - miasto (4),zabludow-miasto-4,podlaskie,2002144,miasto w gminie miejsko-wiejskiej
Zagórz - miasto (4),zagorz-miasto-4,podkarpackie,1817074,miasto w gminie miejsko-wiejskiej
Zagórów - miasto (4),zagorow-miasto-4,wielkopolskie,3023084,miasto w gminie miejsko-wiejskiej
Zakliczyn - miasto (4),zakliczyn-miasto-4,małopolskie,1216144,miasto w gminie miejsko-wiejskiej
Zaklików - miasto (4),zaklikow-miasto-4,podkarpackie,1818054,miasto w gminie miejsko-wiejskiej
Zakopane (1),zakopane-1,małopolskie,1217011,gmina miejska
Zakroczym - miasto (4),zakroczym-miasto-4,mazowieckie,1414064,miasto w gminie miejsko-wiejskiej
Zalewo - miasto (4),zalewo-miasto-4,warmińsko-mazurskie,2807074,miasto w gminie miejsko-wiejskiej
Zambrów (1),zambrow-1,podlaskie,2014011,gmina miejska
Zamość (1),zamosc-1,lubelskie,0664011,gmina miejska
Zaniemyśl - miasto (4),zaniemysl-miasto-4,wielkopolskie,3025054,miasto w gminie miejsko-wiejskiej
Zator - miasto (4),zator-miasto-4,małopolskie,1213094,miasto w gminie miejsko-wiejskiej
Zawadzkie - miasto (4),zawadzkie-miasto-4,opolskie,1611074,miasto w gminie miejsko-wiejskiej
Zawichost - miasto (4),zawichost-miasto-4,świętokrzyskie,2609094,miasto w gminie miejsko-wiejskiej
Zawidów (1),zawidow-1,dolnośląskie,0225011,gmina miejska
Zawiercie (1),zawiercie-1,śląskie,2416021,gmina miejska
Zbąszynek - miasto (4),zbaszynek-miasto-4,lubuskie,0808064,miasto w gminie miejsko-wiejskiej
Zbąszyń - miasto (4),zbaszyn-miasto-4,wielkopolskie,3015064,miasto w gminie miejsko-wiejskiej
Zduny - miasto (4),zduny-miasto-4,wielkopolskie,3012064,miasto w gminie miejsko-wiejskiej
Zduńska Wola (1),zdunska-wola-1,łódzkie,1019011,gmina miejska
Zdzieszowice - miasto (4),zdzieszowice-miasto-4,opolskie,1605054,miasto w gminie miejsko-wiejskiej
Zelów - miasto (4),zelow-miasto-4,łódzkie,1001084,miasto w gminie miejsko-wiejskiej
Zgierz (1),zgierz-1,łódzkie,1020031,gmina miejska
Zgorzelec (1),zgorzelec-1,dolnośląskie,0225021,gmina miejska
Zielona Góra (1),zielona-gora-1,lubuskie,0862011,gmina miejska
Zielonka (1),zielonka-1,mazowieckie,1434041,gmina miejska
Ziębice - miasto (4),ziebice-miasto-4,dolnośląskie,0224064,miasto w gminie miejsko-wiejskiej
Zwierzyniec - miasto (4),zwierzyniec-miasto-4,lubelskie,0620154,miasto w gminie miejsko-wiejskiej
Zwoleń - miasto (4),zwolen-miasto-4,mazowieckie,1436054,miasto w gminie miejsko-wiejskiej
Ząbki (1),zabki-1,mazowieckie,1434031,gmina miejska
Ząbkowice Śląskie - miasto (4),zabkowice-slaskie-miasto-4,dolnośląskie,0224054,miasto w gminie miejsko-wiejskiej
Złocieniec - miasto (4),zlocieniec-miasto-4,zachodniopomorskie,3203064,miasto w gminie miejsko-wiejskiej
Złoczew - miasto (4),zloczew-miasto-4,łódzkie,1014114,miasto w gminie miejsko-wiejskiej
Złotoryja (1),zlotoryja-1,dolnośląskie,0226021,gmina miejska
Złoty Stok - miasto (4),zloty-stok-miasto-4,dolnośląskie,0224074,miasto w gminie miejsko-wiejskiej
Złotów (1),zlotow-1,wielkopolskie,3031011,gmina miejska
Ćmielów - miasto (4),cmielow-miasto-4,świętokrzyskie,2607044,miasto w gminie miejsko-wiejskiej
Łabiszyn - miasto (4),labiszyn-miasto-4,kujawsko-pomorskie,0419044,miasto w gminie miejsko-wiejskiej
Łagów - miasto (4),lagow-miasto-4,świętokrzyskie,2604074,miasto w gminie miejsko-wiejskiej
Łapy - miasto (4),lapy-miasto-4,podlaskie,2002064,miasto w gminie miejsko-wiejskiej
Łasin - miasto (4),lasin-miasto-4,kujawsko-pomorskie,0406034,miasto w gminie miejsko-wiejskiej
Łask - miasto (4),lask-miasto-4,łódzkie,1003024,miasto w gminie miejsko-wiejskiej
Łaskarzew (1),laskarzew-1,mazowieckie,1403021,gmina miejska
Łaszczów - miasto (4),laszczow-miasto-4,lubelskie,0618064,miasto w gminie miejsko-wiejskiej
Łaziska Górne (1),laziska-gorne-1,śląskie,2408011,gmina miejska
Łazy - miasto (4),lazy-miasto-4,śląskie,2416054,miasto w gminie miejsko-wiejskiej
Łańcut (1),lancut-1,podkarpackie,1810011,gmina miejska
Łeba (1),leba-1,pomorskie,2208021,gmina miejska
Łobez - miasto (4),lobez-miasto-4,zachodniopomorskie,3218024,miasto w gminie miejsko-wiejskiej
Łobżenica - miasto (4),lobzenica-miasto-4,wielkopolskie,3019044,miasto w gminie miejsko-wiejskiej
Łochów - miasto (4),lochow-miasto-4,mazowieckie,1433054,miasto w gminie miejsko-wiejskiej
Łomianki - miasto (4),lomianki-miasto-4,mazowieckie,1432054,miasto w gminie miejsko-wiejskiej
Łomża (1),lomza-1,podlaskie,2062011,gmina miejska
Łopuszno - miasto (4),lopuszno-miasto-4,świętokrzyskie,2604084,miasto w gminie miejsko-wiejskiej
Łosice - miasto (4),losice-miasto-4,mazowieckie,1410024,miasto w gminie miejsko-wiejskiej
Łowicz (1),lowicz-1,łódzkie,1005011,gmina miejska
Łuków (1),lukow-1,lubelskie,0611011,gmina miejska
Łódź (1),lodz-1,łódzkie,1061011,gmina miejska
Łęczna - miasto (4),leczna-miasto-4,lubelskie,0610034,miasto w gminie miejsko-wiejskiej
Łęczyca (1),leczyca-1,łódzkie,1004011,gmina miejska
Łęknica (1),leknica-1,lubuskie,0811011,gmina miejska
Ścinawa - miasto (4),scinawa-miasto-4,dolnośląskie,0211044,miasto w gminie miejsko-wiejskiej
Ślesin - miasto (4),slesin-miasto-4,wielkopolskie,3010124,miasto w gminie miejsko-wiejskiej
Śmigiel - miasto (4),smigiel-miasto-4,wielkopolskie,3011054,miasto w gminie miejsko-wiejskiej
Śrem - miasto (4),srem-miasto-4,wielkopolskie,3026044,miasto w gminie miejsko-wiejskiej
Środa Wielkopolska - miasto (4),sroda-wielkopolska-miasto-4,wielkopolskie,3025044,miasto w gminie miejsko-wiejskiej
Środa Śląska - miasto (4),sroda-slaska-miasto-4,dolnośląskie,0218044,miasto w gminie miejsko-wiejskiej
Świdnica (1),swidnica-1,dolnośląskie,0219011,gmina miejska
Świdnik (1),swidnik-1,lubelskie,0617011,gmina miejska
Świdwin (1),swidwin-1,zachodniopomorskie,3216011,gmina miejska
Świebodzice (1),swiebodzice-1,dolnośląskie,0219021,gmina miejska
Świebodzin - miasto (4),swiebodzin-miasto-4,lubuskie,0808054,miasto w gminie miejsko-wiejskiej
Świecie - miasto (4),swiecie-miasto-4,kujawsko-pomorskie,0414094,miasto w gminie miejsko-wiejskiej
Świeradów-Zdrój (1),swieradow-zdroj-1,dolnośląskie,0210021,gmina miejska
Świerzawa - miasto (4),swierzawa-miasto-4,dolnośląskie,0226044,miasto w gminie miejsko-wiejskiej
Świnoujście (1),swinoujscie-1,zachodniopomorskie,3263011,gmina miejska
Świątniki Górne - miasto (4),swiatniki-gorne-miasto-4,małopolskie,1206144,miasto w gminie miejsko-wiejskiej
Świętochłowice (1),swietochlowice-1,śląskie,2476011,gmina miejska
Żabno - miasto (4),zabno-miasto-4,małopolskie,1216154,miasto w gminie miejsko-wiejskiej
Żagań (1),zagan-1,lubuskie,0810021,gmina miejska
Żarki - miasto (4),zarki-miasto-4,śląskie,2409054,miasto w gminie miejsko-wiejskiej
Żarnów - miasto (4),zarnow-miasto-4,łódzkie,1007084,miasto w gminie miejsko-wiejskiej
Żary (1),zary-1,lubuskie,0811021,gmina miejska
Żarów - miasto (4),zarow-miasto-4,dolnośląskie,0219084,miasto w gminie miejsko-wiejskiej
Żelechów - miasto (4),zelechow-miasto-4,mazowieckie,1403144,miasto w gminie miejsko-wiejskiej
Żerków - miasto (4),zerkow-miasto-4,wielkopolskie,3006044,miasto w gminie miejsko-wiejskiej
Żmigród - miasto (4),zmigrod-miasto-4,dolnośląskie,0220064,miasto w gminie miejsko-wiejskiej
Żnin - miasto (4),znin-miasto-4,kujawsko-pomorskie,0419064,miasto w gminie miejsko-wiejskiej
Żory (1),zory-1,śląskie,2479011,gmina miejska
Żukowo - miasto (4),zukowo-miasto-4,pomorskie,2205084,miasto w gminie miejsko-wiejskiej
Żuromin - miasto (4),zuromin-miasto-4,mazowieckie,1437064,miasto w gminie miejsko-wiejskiej
Żychlin - miasto (4),zychlin-miasto-4,łódzkie,1002114,miasto w gminie miejsko-wiejskiej
Żyrardów (1),zyrardow-1,mazowieckie,1438011,gmina miejska
Żywiec (1),zywiec-1,śląskie,2417011,gmina miejska
